794300,2,77,524758213315,524758213392,183293166041,408.171
10000,3,60,233690691,233690751,338393020495,699.799
1000000,2,77,787148268885,787148268962,289032444529,746.429
7943,3,52,1063606572,1063606624,170495733570,437.633
6310,3,54,76581675909,76581675963,85961301701,213.215
631000,2,72,357452324082,357452324154,116286528833,352.397
501200,2,69,158208121336,158208121405,73757995346,221.451
398100,2,68,94084843761,94084843829,46792197806,142.039
316200,2,65,83780362065,83780362130,29686877765,84.260
5012,3,52,22321540352,22321540404,43304568392,102.560
4467,3,48,67990226304,67990226352,30751826729,71.176
3981,3,47,29029025,29029072,21829717560,50.583
251200,2,64,47329918548,47329918612,18842930200,55.051
3548,3,47,25670817,25670864,15492827597,36.257
158500,2,62,21481223036,21481223098,7591062575,22.458
3162,3,44,2063757904,2063757948,11008445029,25.520
199500,2,58,23580335198,23580335256,11954758953,35.736
2512,3,45,12901578,12901623,5552680357,12.738
3,3,4,16,20,10,0.000
4,3,5,30,35,27,0.000
5,3,5,49,54,49,0.000
6,3,6,154,160,95,0.000
7,3,6,144,150,143,0.000
8,3,8,352,360,212,0.000
9,3,7,663,670,304,0.000
10,3,8,496,504,425,0.000
11,3,8,784,792,541,0.000
12,3,10,1430,1440,733,0.000
13,3,10,1430,1440,893,0.000
14,3,9,1431,1440,1117,0.000
15,3,10,3026,3036,1390,0.000
16,3,12,3726,3738,1706,0.000
17,3,12,2760,2772,1981,0.000
18,3,12,5460,5472,2399,0.000
19,3,12,5460,5472,2759,0.000
20,3,13,4033,4046,3249,0.000
21,3,12,5460,5472,3777,0.000
22,3,12,4902,4914,4364,0.000
23,3,13,6480,6493,4840,0.000
24,3,13,6734,6747,5641,0.000
25,3,13,6734,6747,6299,0.000
26,3,13,6734,6747,7046,0.000
27,3,15,10305,10320,7940,0.000
28,3,14,7922,7936,8883,0.000
29,3,13,6734,6747,9648,0.000
30,3,15,22017,22032,10920,0.000
31,3,14,14368,14382,11873,0.000
32,3,18,14364,14382,13117,0.000
33,3,17,14365,14382,14333,0.000
34,3,17,14365,14382,15708,0.000
35,3,17,14365,14382,17072,0.000
36,3,17,14365,14382,18810,0.000
37,3,16,14365,14381,20172,0.000
38,3,16,14365,14381,21799,0.000
39,3,16,14365,14381,23532,0.000
40,3,17,17119,17136,25602,0.000
41,3,16,17120,17136,27068,0.000
42,3,16,17120,17136,29599,0.000
43,3,16,17120,17136,31219,0.000
44,3,16,17120,17136,33644,0.000
45,3,16,17120,17136,36287,0.000
46,3,16,17120,17136,38530,0.000
47,3,16,17120,17136,40571,0.000
48,3,18,45450,45468,43637,0.000
49,3,18,45450,45468,46230,0.000
50,3,18,45450,45468,49098,0.000
51,3,18,45450,45468,52221,0.000
52,3,18,45450,45468,55650,0.000
53,3,16,43632,43648,58006,0.000
54,3,16,43632,43648,62223,0.000
55,3,16,43632,43648,65691,0.000
56,3,16,43632,43648,69525,0.000
57,3,16,43632,43648,73387,0.000
58,3,16,43632,43648,77034,0.000
59,3,16,90752,90768,80130,0.000
60,3,16,90752,90768,85003,0.000
61,3,21,108504,108525,88353,0.000
62,3,21,108504,108525,92777,0.000
63,3,21,108504,108525,97467,0.000
64,3,21,108504,108525,102692,0.000
65,3,21,108504,108525,107264,0.000
66,3,21,108504,108525,113228,0.000
67,3,21,108504,108525,117075,0.000
68,3,21,108504,108525,122532,0.000
69,3,21,108504,108525,128190,0.000
70,3,21,108504,108525,134528,0.000
71,3,21,108504,108525,138857,0.000
72,3,21,108504,108525,146090,0.000
73,3,21,108504,108525,150542,0.000
74,3,21,108504,108525,156649,0.000
75,3,24,108504,108528,164150,0.000
76,3,24,108504,108528,171253,0.000
77,3,24,108504,108528,177299,0.000
78,3,24,108504,108528,184946,0.000
79,3,24,108504,108528,190817,0.001
80,3,24,108504,108528,199217,0.000
81,3,18,82962,82980,206520,0.001
82,3,18,170208,170226,214270,0.001
83,3,18,44556,44574,220055,0.000
84,3,18,44556,44574,230419,0.000
85,3,18,44556,44574,238196,0.000
86,3,19,204932,204951,245587,0.000
87,3,19,204932,204951,254838,0.000
88,3,19,204932,204951,263864,0.000
89,3,19,204932,204951,270581,0.000
90,3,20,159915,159935,282531,0.000
91,3,21,204930,204951,291999,0.000
92,3,20,159915,159935,301761,0.000
93,3,20,159915,159935,311082,0.000
94,3,20,159915,159935,320506,0.000
95,3,20,159915,159935,330056,0.000
96,3,20,159915,159935,342663,0.001
97,3,20,159915,159935,351374,0.001
98,3,20,159915,159935,362752,0.001
99,3,20,159915,159935,374934,0.001
100,3,20,159915,159935,388050,0.001
101,3,20,159915,159935,396580,0.001
102,3,20,159915,159935,410747,0.001
103,3,20,159915,159935,419370,0.001
104,3,20,159915,159935,433068,0.001
105,3,26,159909,159935,446559,0.001
106,3,26,159909,159935,459052,0.001
107,3,26,159909,159935,469278,0.001
108,3,26,159909,159935,485230,0.001
109,3,20,27280,27300,494795,0.001
110,3,20,27280,27300,510357,0.001
111,3,20,27280,27300,523607,0.001
112,3,20,27280,27300,540350,0.001
113,3,21,843415,843436,549645,0.001
114,3,20,27280,27300,568601,0.001
115,3,20,27280,27300,583433,0.001
116,3,20,27280,27300,598003,0.001
117,3,20,27280,27300,615338,0.001
118,3,20,27280,27300,629430,0.001
119,3,20,27280,27300,644968,0.001
120,3,20,27280,27300,664960,0.001
121,3,20,27280,27300,680349,0.001
122,3,20,27280,27300,695708,0.001
123,3,22,909090,909112,711913,0.001
124,3,22,909090,909112,729867,0.001
125,3,20,27280,27300,746277,0.001
126,3,20,27280,27300,768145,0.001
127,3,20,27280,27300,781217,0.001
128,3,20,159909,159929,801674,0.001
129,3,21,1035475,1035496,821073,0.001
130,3,20,36520,36540,841260,0.001
131,3,20,36520,36540,854586,0.001
132,3,23,656425,656448,880544,0.002
133,3,23,656425,656448,898289,0.002
134,3,23,656425,656448,916847,0.003
135,3,23,656425,656448,942122,0.003
136,3,24,211603,211627,965463,0.002
137,3,23,656425,656448,979922,0.002
138,3,23,656425,656448,1004780,0.002
139,3,24,1858976,1859000,1022287,0.002
140,3,23,656425,656448,1047519,0.002
141,3,23,656425,656448,1070163,0.002
142,3,23,656425,656448,1093365,0.002
143,3,23,656425,656448,1113615,0.002
144,3,23,656425,656448,1140480,0.002
145,3,23,656425,656448,1162578,0.002
146,3,23,656425,656448,1184394,0.002
147,3,23,656425,656448,1212770,0.002
148,3,23,656425,656448,1237342,0.002
149,3,23,656425,656448,1254728,0.002
150,3,23,656425,656448,1286028,0.003
151,3,23,159906,159929,1303939,0.002
152,3,23,159906,159929,1333861,0.003
153,3,23,159906,159929,1360744,0.003
154,3,23,159906,159929,1390683,0.003
155,3,24,2404651,2404675,1414980,0.003
156,3,23,159906,159929,1448588,0.003
157,3,23,159906,159929,1470777,0.003
158,3,23,159906,159929,1496827,0.003
159,3,23,159906,159929,1527566,0.002
160,3,23,159906,159929,1559317,0.003
161,3,23,159906,159929,1585526,0.003
162,3,23,159906,159929,1619933,0.004
163,3,23,159906,159929,1639205,0.004
164,3,23,159906,159929,1672670,0.003
165,3,23,159906,159929,1705995,0.003
166,3,23,159906,159929,1735959,0.004
167,3,23,159906,159929,1758995,0.003
168,3,23,159906,159929,1797898,0.003
169,3,23,159906,159929,1827309,0.004
170,3,23,159906,159929,1862645,0.004
171,3,23,159906,159929,1895836,0.003
172,3,23,159906,159929,1928871,0.003
173,3,23,159906,159929,1951544,0.003
174,3,25,159904,159929,1995920,0.003
175,3,25,159904,159929,2032291,0.003
176,3,25,159904,159929,2066734,0.003
177,3,22,731975,731997,2102571,0.003
178,3,23,875572,875595,2134932,0.003
179,3,26,3534342,3534368,2160860,0.004
180,3,23,875572,875595,2209495,0.004
181,3,23,875572,875595,2236242,0.004
182,3,24,3002805,3002829,2277758,0.006
183,3,24,3002805,3002829,2311235,0.006
184,3,24,3002805,3002829,2355489,0.005
185,3,24,3002805,3002829,2389207,0.006
186,3,24,3002805,3002829,2431660,0.005
187,3,24,3002805,3002829,2470083,0.007
188,3,24,3002805,3002829,2507987,0.004
189,3,25,4190301,4190326,2550493,0.005
190,3,25,4190301,4190326,2596563,0.004
191,3,25,4190301,4190326,2625482,0.005
192,3,25,4190301,4190326,2680923,0.006
193,3,25,4190301,4190326,2707198,0.008
194,3,25,4190301,4190326,2747838,0.005
195,3,24,4132676,4132700,2799707,0.005
196,3,24,4132676,4132700,2845969,0.005
197,3,24,4132676,4132700,2876082,0.005
198,3,24,4132676,4132700,2930312,0.006
199,3,24,956176,956200,2965111,0.005
200,3,24,956176,956200,3016729,0.005
201,3,24,956176,956200,3062016,0.006
202,3,24,956176,956200,3103950,0.006
203,3,24,956176,956200,3144897,0.006
204,3,24,956176,956200,3197899,0.006
205,3,24,956176,956200,3244208,0.006
206,3,24,956176,956200,3286821,0.006
207,3,24,956176,956200,3337868,0.006
208,3,25,956175,956200,3389084,0.006
209,3,24,8216178,8216202,3433128,0.006
210,3,24,8216178,8216202,3494918,0.011
211,3,24,8216178,8216202,3534009,0.006
212,3,24,8216178,8216202,3587755,0.007
213,3,24,8216178,8216202,3633025,0.009
214,3,24,8216178,8216202,3679542,0.010
215,3,24,8216178,8216202,3727313,0.007
216,3,24,8216178,8216202,3791826,0.007
217,3,26,1542420,1542446,3843953,0.008
218,3,24,4572324,4572348,3888258,0.007
219,3,24,5889156,5889180,3942215,0.008
220,3,24,5889156,5889180,4007570,0.009
221,3,24,5889156,5889180,4050992,0.007
222,3,24,5889156,5889180,4118280,0.007
223,3,26,122850,122876,4155949,0.008
224,3,26,122850,122876,4223428,0.008
225,3,27,5207168,5207195,4289844,0.008
226,3,27,5207168,5207195,4339037,0.008
227,3,27,5207168,5207195,4383233,0.008
228,3,27,5207168,5207195,4451690,0.008
229,3,27,5207168,5207195,4497397,0.009
230,3,27,5207168,5207195,4561921,0.008
231,3,27,5207168,5207195,4630750,0.010
232,3,27,5207168,5207195,4699066,0.011
233,3,27,5207168,5207195,4738052,0.009
234,3,27,5207168,5207195,4820675,0.009
235,3,27,5207168,5207195,4874982,0.009
236,3,27,5207168,5207195,4937307,0.012
237,3,27,5207168,5207195,4996168,0.012
238,3,27,5207168,5207195,5060472,0.010
239,3,27,5207168,5207195,5101676,0.009
240,3,27,5207168,5207195,5188625,0.010
241,3,27,5207168,5207195,5232610,0.010
242,3,28,4319924,4319952,5302062,0.010
243,3,28,4319924,4319952,5368353,0.010
244,3,28,4319924,4319952,5440449,0.010
245,3,28,4319924,4319952,5507618,0.010
246,3,28,4319924,4319952,5586437,0.010
247,3,28,4319924,4319952,5646250,0.011
248,3,28,4319924,4319952,5713866,0.011
249,3,28,4319924,4319952,5776961,0.011
250,3,28,4319924,4319952,5858298,0.011
251,3,28,4319924,4319952,5907352,0.011
252,3,28,4319924,4319952,6003282,0.011
253,3,28,4319924,4319952,6065316,0.015
254,3,28,4319924,4319952,6128031,0.014
255,3,28,4319924,4319952,6217369,0.012
256,3,28,4319924,4319952,6292942,0.012
257,3,28,4319924,4319952,6340270,0.012
258,3,28,4319924,4319952,6429098,0.012
259,3,28,4319924,4319952,6496171,0.012
260,3,28,4319924,4319952,6578741,0.012
261,3,28,4319924,4319952,6661252,0.013
262,3,28,4319924,4319952,6736383,0.013
263,3,28,4319924,4319952,6789223,0.013
264,3,28,4319924,4319952,6887018,0.013
265,3,28,4319924,4319952,6958824,0.014
266,3,28,4319924,4319952,7038625,0.014
267,3,28,3048320,3048348,7110118,0.014
268,3,28,3048320,3048348,7190371,0.014
269,3,28,3048320,3048348,7248375,0.014
270,3,28,3048320,3048348,7347123,0.015
271,3,28,3048320,3048348,7410329,0.015
272,3,31,5207165,5207196,7508478,0.015
273,3,28,3048320,3048348,7595453,0.015
274,3,28,3048320,3048348,7676623,0.016
275,3,28,3048320,3048348,7761509,0.016
276,3,28,3048320,3048348,7858154,0.016
277,3,28,3048320,3048348,7915122,0.020
278,3,28,3048320,3048348,7995858,0.020
279,3,28,3048320,3048348,8097518,0.022
280,3,28,3048320,3048348,8191748,0.019
281,3,28,3048320,3048348,8245424,0.017
282,3,28,3048320,3048348,8361341,0.018
283,3,28,178568,178596,8420759,0.018
284,3,28,178568,178596,8514657,0.018
285,3,28,178568,178596,8622434,0.018
286,3,28,178568,178596,8720504,0.018
287,3,28,178568,178596,8803863,0.018
288,3,28,178568,178596,8905836,0.018
289,3,28,178568,178596,8990119,0.021
290,3,28,178568,178596,9092087,0.023
291,3,28,178568,178596,9177310,0.020
292,3,30,495520,495550,9273329,0.021
293,3,30,495520,495550,9333461,0.023
294,3,30,185505,185535,9464395,0.023
295,3,30,185505,185535,9549812,0.021
296,3,30,185505,185535,9652163,0.020
297,3,30,185505,185535,9764141,0.020
298,3,30,185505,185535,9842602,0.023
299,3,30,185505,185535,9938398,0.022
300,3,30,185505,185535,10064825,0.021
301,3,30,185505,185535,10163919,0.021
302,3,30,185505,185535,10249947,0.022
303,3,30,185505,185535,10345009,0.021
304,3,30,185505,185535,10468509,0.021
305,3,30,185505,185535,10555582,0.022
306,3,30,185505,185535,10674689,0.028
307,3,30,185505,185535,10755461,0.028
308,3,30,185505,185535,10877058,0.028
309,3,30,185505,185535,10982249,0.028
310,3,30,185505,185535,11107234,0.027
311,3,30,185505,185535,11175305,0.025
312,3,30,185505,185535,11311423,0.023
313,3,30,185505,185535,11379983,0.030
314,3,30,185505,185535,11482974,0.026
315,3,30,185505,185535,11611789,0.024
316,3,29,495521,495550,11729024,0.025
317,3,29,495521,495550,11808682,0.025
318,3,29,495521,495550,11943244,0.033
319,3,29,495521,495550,12036906,0.032
320,3,29,495521,495550,12158508,0.029
321,3,29,495521,495550,12271646,0.026
322,3,29,495521,495550,12407320,0.026
323,3,29,495521,495550,12496036,0.026
324,3,29,495521,495550,12645242,0.026
325,3,29,495521,495550,12758637,0.026
326,3,29,495521,495550,12853333,0.027
327,3,29,495521,495550,12981646,0.027
328,3,29,495521,495550,13107565,0.028
329,3,29,495521,495550,13211472,0.028
330,3,29,495521,495550,13362853,0.028
331,3,29,495521,495550,13456369,0.029
332,3,29,495521,495550,13585511,0.029
333,3,29,495521,495550,13703605,0.030
334,3,29,495521,495550,13814255,0.029
335,3,29,495521,495550,13934643,0.030
336,3,29,495521,495550,14078190,0.035
337,3,29,495521,495550,14174767,0.037
338,3,29,495521,495550,14304208,0.040
339,3,29,495521,495550,14433894,0.032
340,3,29,495521,495550,14577074,0.035
341,3,29,495521,495550,14689971,0.035
342,3,29,495521,495550,14853596,0.035
343,3,29,495521,495550,14966712,0.040
344,3,29,495521,495550,15104176,0.036
345,3,29,495521,495550,15246440,0.040
346,3,29,495521,495550,15372622,0.033
347,3,29,495521,495550,15463639,0.033
348,3,28,4524932,4524960,15631322,0.039
349,3,28,4524932,4524960,15721195,0.034
350,3,28,4524932,4524960,15884230,0.033
351,3,29,33183163,33183192,16038160,0.034
352,3,29,33183163,33183192,16185023,0.037
353,3,29,33183163,33183192,16269417,0.038
354,3,29,33183163,33183192,16437156,0.037
355,3,29,33183163,33183192,16575113,0.037
356,3,29,33183163,33183192,16708771,0.035
357,3,29,33183163,33183192,16863081,0.035
358,3,29,33183163,33183192,16977751,0.036
359,3,29,33183163,33183192,17085480,0.039
360,3,29,33183163,33183192,17282446,0.040
361,3,29,33183163,33183192,17397203,0.043
362,3,29,33183163,33183192,17531105,0.038
363,3,29,33183163,33183192,17681801,0.037
364,3,28,285390,285418,17856352,0.039
365,3,28,285390,285418,17977233,0.040
366,3,28,285390,285418,18139926,0.040
367,3,28,285390,285418,18255685,0.040
368,3,28,285390,285418,18423267,0.041
369,3,28,285390,285418,18574209,0.040
370,3,30,12564825,12564855,18746876,0.040
371,3,30,12564825,12564855,18873946,0.039
372,3,30,12564825,12564855,19064760,0.049
373,3,30,12564825,12564855,19164736,0.045
2818,3,46,16733730,16733776,7806936244,17.998
374,3,30,12564825,12564855,19335509,0.041
375,3,30,12564825,12564855,19502338,0.042
376,3,30,12564825,12564855,19675861,0.041
377,3,30,12564825,12564855,19817047,0.042
378,3,30,12564825,12564855,19999994,0.043
379,3,30,12564825,12564855,20121538,0.042
380,3,30,12564825,12564855,20307927,0.044
381,3,30,12564825,12564855,20466617,0.043
382,3,30,12564825,12564855,20611980,0.046
383,3,30,12564825,12564855,20719876,0.053
384,3,30,12564825,12564855,20926418,0.048
385,3,30,12564825,12564855,21106586,0.051
386,3,30,12564825,12564855,21245647,0.058
387,3,30,12564825,12564855,21441826,0.055
388,3,30,12564825,12564855,21596732,0.048
389,3,30,12564825,12564855,21705704,0.055
390,3,30,12564825,12564855,21919734,0.046
391,3,30,12564825,12564855,22061171,0.046
392,3,30,12564825,12564855,22244699,0.047
393,3,30,12564825,12564855,22393019,0.048
394,3,30,12564825,12564855,22565802,0.063
395,3,30,12564825,12564855,22732155,0.050
396,3,30,12564825,12564855,22931229,0.054
397,3,30,12564825,12564855,23044325,0.058
398,3,30,12564825,12564855,23208183,0.061
399,3,30,12564825,12564855,23422198,0.052
400,3,30,12564825,12564855,23614979,0.054
401,3,30,12564825,12564855,23723706,0.050
402,3,30,12564825,12564855,23939218,0.050
403,3,30,12564825,12564855,24083828,0.051
404,3,30,12564825,12564855,24264940,0.052
405,3,30,12564825,12564855,24488882,0.061
406,3,30,12564825,12564855,24692552,0.059
407,3,30,12564825,12564855,24854389,0.059
408,3,30,12564825,12564855,25064943,0.060
409,3,30,12564825,12564855,25186186,0.058
410,3,30,12564825,12564855,25389041,0.054
411,3,30,12564825,12564855,25575642,0.058
412,3,30,12564825,12564855,25784782,0.058
413,3,30,12564825,12564855,25943691,0.055
414,3,30,12564825,12564855,26181477,0.055
415,3,30,12564825,12564855,26366485,0.056
416,3,30,12564825,12564855,26576559,0.058
417,3,30,12564825,12564855,26738606,0.060
418,3,30,12564825,12564855,26939115,0.059
419,3,30,12564825,12564855,27059573,0.059
420,3,30,12564825,12564855,27328315,0.058
421,3,30,12564825,12564855,27464034,0.059
422,3,30,12564825,12564855,27660999,0.059
423,3,30,12564825,12564855,27862485,0.059
424,3,30,12564825,12564855,28058854,0.064
425,3,30,12564825,12564855,28253891,0.060
426,3,30,12564825,12564855,28468375,0.082
427,3,30,12564825,12564855,28668627,0.069
428,3,30,12564825,12564855,28849082,0.061
429,3,30,12564825,12564855,29084676,0.062
430,3,30,12564825,12564855,29315457,0.065
431,3,30,12564825,12564855,29440220,0.062
432,3,30,12564825,12564855,29724595,0.063
433,3,30,12564825,12564855,29857311,0.064
434,3,30,12564825,12564855,30092805,0.071
435,3,30,12564825,12564855,30315155,0.073
436,3,30,12564825,12564855,30512399,0.072
437,3,30,12564825,12564855,30688003,0.070
438,3,30,12564825,12564855,30909769,0.071
439,3,30,12564825,12564855,31073717,0.074
440,3,30,12564825,12564855,31336412,0.076
441,3,30,12564825,12564855,31580185,0.075
442,3,30,12564825,12564855,31816868,0.079
125900,2,56,14487769575,14487769631,4819226556,13.969
443,3,30,12564825,12564855,31949365,0.068
444,3,30,12564825,12564855,32247543,0.076
445,3,30,12564825,12564855,32436048,0.071
446,3,30,12564825,12564855,32615286,0.079
447,3,30,12564825,12564855,32831099,0.070
448,3,30,12564825,12564855,33078262,0.070
449,3,30,12564825,12564855,33207838,0.072
450,3,30,12564825,12564855,33500163,0.074
451,3,30,12564825,12564855,33695611,0.073
452,3,30,12564825,12564855,33905346,0.087
453,3,30,12564825,12564855,34112524,0.083
454,3,30,12564825,12564855,34340813,0.084
455,3,30,12564825,12564855,34583277,0.077
456,3,32,55294100,55294132,34862426,0.074
457,3,32,55294100,55294132,35011468,0.075
458,3,32,55294100,55294132,35227622,0.085
459,3,32,55294100,55294132,35489400,0.082
460,3,32,55294100,55294132,35766517,0.080
461,3,32,55294100,55294132,35918487,0.089
462,3,32,55294100,55294132,36217023,0.079
463,3,32,55294100,55294132,36357777,0.079
464,3,32,55294100,55294132,36635389,0.078
465,3,32,55294100,55294132,36915415,0.081
466,3,32,55294100,55294132,37103799,0.079
467,3,32,55294100,55294132,37283111,0.086
468,3,32,55294100,55294132,37573230,0.089
469,3,32,55294100,55294132,37811101,0.094
470,3,32,55294100,55294132,38065334,0.089
471,3,31,55294101,55294132,38309512,0.082
472,3,31,55294101,55294132,38572444,0.092
473,3,31,55294101,55294132,38769710,0.092
474,3,31,55294101,55294132,39066418,0.093
475,3,31,55294101,55294132,39301781,0.083
476,3,31,55294101,55294132,39570400,0.092
477,3,31,55294101,55294132,39842541,0.107
478,3,31,55294101,55294132,40056083,0.104
479,3,31,55294101,55294132,40231110,0.089
480,3,31,55294101,55294132,40554021,0.094
481,3,31,55294101,55294132,40783928,0.107
482,3,31,55294101,55294132,40999767,0.091
483,3,31,55294101,55294132,41281795,0.100
484,3,31,55294101,55294132,41581528,0.088
485,3,31,55294101,55294132,41797169,0.089
486,3,31,55294101,55294132,42126208,0.104
487,3,31,55294101,55294132,42293746,0.113
488,3,31,55294101,55294132,42577037,0.097
489,3,31,55294101,55294132,42843005,0.106
490,3,31,55294101,55294132,43134637,0.119
491,3,31,55294101,55294132,43294285,0.095
492,3,31,55294101,55294132,43660277,0.129
493,3,31,55294101,55294132,43885750,0.120
494,3,33,599205,599238,44149615,0.102
495,3,33,599205,599238,44447156,0.094
496,3,33,599205,599238,44760452,0.095
497,3,33,599205,599238,45003047,0.100
498,3,33,599205,599238,45296140,0.121
499,3,33,599205,599238,45507121,0.107
2239,3,46,1343321802,1343321848,3939577358,9.043
500,3,33,599205,599238,45830559,0.099
100000,2,61,8549181964,8549182025,3059442219,8.959
1995,3,42,9286144,9286186,2797470996,6.425
89130,2,53,3617959936,3617959989,2438073728,6.788
79430,2,52,3502983696,3502983748,1942680423,5.296
70790,2,55,3715655430,3715655485,1548250577,3.988
1778,3,42,4094385706,4094385748,1985454608,4.488
1585,3,44,4803656,4803700,1410734173,3.247
63100,2,52,1063606572,1063606624,1234132621,3.173
3,2,3,5,8,3,0.000
4,2,3,7,10,7,0.000
5,2,3,9,12,10,0.000
6,2,3,11,14,19,0.000
7,2,4,40,44,22,0.000
8,2,4,56,60,30,0.000
9,2,4,56,60,40,0.000
10,2,4,60,64,51,0.000
11,2,5,85,90,56,0.000
12,2,6,120,126,75,0.000
13,2,6,154,160,78,0.000
14,2,5,120,125,93,0.000
15,2,6,162,168,110,0.000
16,2,6,162,168,129,0.000
17,2,6,210,216,134,0.000
18,2,6,210,216,159,0.000
19,2,6,210,216,165,0.000
20,2,6,210,216,192,0.000
21,2,8,352,360,212,0.000
22,2,8,352,360,236,0.000
23,2,8,352,360,241,0.000
24,2,8,352,360,281,0.000
25,2,8,352,360,294,0.000
26,2,7,630,637,315,0.000
27,2,8,705,713,344,0.000
28,2,8,705,713,375,0.000
29,2,8,705,713,375,0.000
30,2,8,784,792,426,0.000
31,2,8,432,440,436,0.000
32,2,8,784,792,474,0.000
33,2,8,784,792,500,0.000
34,2,8,784,792,534,0.000
35,2,8,784,792,564,0.000
36,2,8,784,792,611,0.000
37,2,8,784,792,622,0.000
38,2,8,784,792,660,0.000
39,2,8,784,792,692,0.000
40,2,7,903,910,744,0.000
41,2,9,1431,1440,742,0.000
42,2,9,1431,1440,815,0.000
43,2,10,770,780,814,0.000
44,2,9,1431,1440,871,0.000
45,2,9,1431,1440,928,0.000
46,2,9,1431,1440,954,0.000
47,2,9,1431,1440,962,0.000
48,2,9,1431,1440,1027,0.000
49,2,9,1431,1440,1062,0.000
50,2,9,1431,1440,1108,0.000
51,2,9,1431,1440,1159,0.000
52,2,9,1431,1440,1223,0.000
53,2,10,1430,1440,1216,0.000
54,2,10,1430,1440,1312,0.000
55,2,10,1430,1440,1362,0.000
56,2,10,1430,1440,1420,0.000
57,2,10,1430,1440,1474,0.000
58,2,10,1430,1440,1513,0.000
59,2,10,1430,1440,1517,0.000
60,2,10,1430,1440,1601,0.000
61,2,10,1430,1440,1604,0.000
62,2,10,1430,1440,1672,0.000
63,2,10,1430,1440,1725,0.000
64,2,10,1430,1440,1803,0.000
65,2,10,1430,1440,1842,0.000
66,2,10,1430,1440,1932,0.000
67,2,10,1430,1440,1931,0.000
68,2,10,1430,1440,2006,0.000
69,2,12,4200,4212,2076,0.000
70,2,12,4200,4212,2162,0.000
71,2,12,4200,4212,2158,0.000
72,2,12,4200,4212,2263,0.000
73,2,10,1430,1440,2258,0.000
74,2,10,1430,1440,2334,0.000
75,2,10,1430,1440,2430,0.000
76,2,10,1430,1440,2516,0.000
77,2,11,5461,5472,2560,0.000
78,2,11,5461,5472,2631,0.000
79,2,12,2760,2772,2655,0.000
80,2,12,2760,2772,2765,0.000
81,2,12,2760,2772,2817,0.000
82,2,11,2760,2771,2897,0.000
83,2,12,3978,3990,2894,0.000
84,2,11,2760,2771,3039,0.000
85,2,11,2760,2771,3094,0.000
86,2,11,2760,2771,3143,0.000
87,2,11,5461,5472,3236,0.000
88,2,11,5461,5472,3312,0.000
89,2,13,5782,5795,3309,0.000
90,2,13,5782,5795,3462,0.000
91,2,11,5461,5472,3549,0.000
92,2,11,5461,5472,3627,0.000
93,2,11,5461,5472,3688,0.000
94,2,11,5461,5472,3750,0.000
95,2,11,5461,5472,3808,0.000
96,2,11,5461,5472,3935,0.000
97,2,15,7755,7770,3957,0.000
98,2,11,5461,5472,4069,0.000
99,2,11,5461,5472,4177,0.000
100,2,11,5461,5472,4300,0.000
101,2,13,4033,4046,4295,0.000
102,2,11,5461,5472,4435,0.000
103,2,11,5461,5472,4426,0.000
104,2,12,10626,10638,4561,0.000
105,2,12,10626,10638,4651,0.000
106,2,12,10626,10638,4747,0.000
107,2,13,6734,6747,4757,0.000
108,2,13,6734,6747,4905,0.000
109,2,13,6734,6747,4892,0.000
110,2,13,6734,6747,5040,0.000
111,2,13,6734,6747,5104,0.000
112,2,13,6734,6747,5250,0.000
113,2,13,6734,6747,5225,0.000
114,2,13,6734,6747,5417,0.000
115,2,13,6734,6747,5520,0.000
116,2,13,6734,6747,5606,0.000
117,2,13,6734,6747,5732,0.000
118,2,13,6734,6747,5801,0.000
119,2,13,6734,6747,5884,0.000
120,2,13,6734,6747,6044,0.000
121,2,13,6734,6747,6130,0.000
122,2,13,6734,6747,6215,0.000
123,2,13,6734,6747,6293,0.000
124,2,13,6734,6747,6402,0.000
125,2,13,6734,6747,6478,0.000
126,2,13,6734,6747,6644,0.000
127,2,13,6734,6747,6635,0.000
128,2,13,6734,6747,6789,0.000
129,2,13,6734,6747,6909,0.000
130,2,13,6734,6747,7026,0.000
131,2,13,6734,6747,7006,0.000
132,2,13,6734,6747,7234,0.000
133,2,13,6734,6747,7304,0.000
134,2,13,6734,6747,7395,0.000
135,2,13,6734,6747,7570,0.000
136,2,13,6734,6747,7728,0.000
137,2,13,6734,6747,7708,0.000
138,2,13,6734,6747,7881,0.000
139,2,15,11664,11679,7917,0.000
140,2,14,7922,7936,8098,0.000
141,2,14,7922,7936,8221,0.000
142,2,13,14365,14378,8358,0.000
143,2,13,7569,7582,8435,0.000
144,2,13,7569,7582,8577,0.000
145,2,13,7569,7582,8668,0.000
146,2,13,7569,7582,8764,0.000
147,2,14,21546,21560,8942,0.000
148,2,14,21546,21560,9058,0.000
149,2,14,21546,21560,9041,0.000
150,2,14,21546,21560,9247,0.000
151,2,14,21546,21560,9234,0.000
152,2,14,21546,21560,9430,0.000
153,2,14,21546,21560,9545,0.000
154,2,14,21546,21560,9726,0.000
155,2,14,21546,21560,9808,0.000
156,2,14,21546,21560,10012,0.000
157,2,14,21546,21560,10048,0.000
158,2,14,21546,21560,10189,0.000
159,2,13,14365,14378,10355,0.000
160,2,13,14365,14378,10509,0.000
161,2,13,14365,14378,10595,0.000
162,2,13,14365,14378,10761,0.000
163,2,14,21186,21200,10731,0.000
164,2,13,14365,14378,10942,0.000
165,2,13,14365,14378,11080,0.000
166,2,13,14365,14378,11229,0.000
167,2,13,14365,14378,11228,0.000
168,2,13,14365,14378,11454,0.000
169,2,13,14365,14378,11567,0.000
170,2,13,14365,14378,11740,0.000
171,2,13,14365,14378,11866,0.000
172,2,13,14365,14378,11998,0.000
173,2,16,17120,17136,11970,0.000
174,2,16,17120,17136,12255,0.000
175,2,16,17120,17136,12435,0.000
176,2,16,17120,17136,12575,0.000
177,2,16,17120,17136,12733,0.000
178,2,16,17120,17136,12836,0.000
179,2,16,17120,17136,12826,0.000
180,2,16,17120,17136,13135,0.000
181,2,16,17120,17136,13124,0.000
182,2,16,14365,14381,13346,0.000
183,2,16,14365,14381,13443,0.000
184,2,16,14365,14381,13670,0.000
185,2,16,14365,14381,13764,0.000
186,2,16,14365,14381,13933,0.000
187,2,16,14365,14381,14095,0.000
188,2,16,14365,14381,14234,0.000
189,2,16,14365,14381,14386,0.000
190,2,16,14365,14381,14616,0.000
191,2,16,14365,14381,14595,0.000
192,2,16,14365,14381,14929,0.000
193,2,16,14365,14381,14881,0.000
194,2,16,14365,14381,15065,0.000
195,2,16,14365,14381,15309,0.000
196,2,16,14365,14381,15489,0.000
197,2,17,14365,14382,15474,0.000
198,2,17,14365,14382,15737,0.000
199,2,17,14365,14382,15776,0.000
200,2,17,14365,14382,16028,0.000
201,2,17,14365,14382,16208,0.000
202,2,17,14365,14382,16331,0.000
203,2,17,14365,14382,16441,0.000
204,2,17,14365,14382,16638,0.000
205,2,17,14365,14382,16819,0.000
206,2,17,14365,14382,16945,0.000
207,2,17,14365,14382,17119,0.000
208,2,17,14365,14382,17296,0.000
209,2,17,14365,14382,17411,0.000
210,2,17,14365,14382,17683,0.000
211,2,17,14365,14382,17735,0.000
212,2,17,14365,14382,17981,0.000
213,2,17,14365,14382,18089,0.000
214,2,17,14365,14382,18220,0.000
215,2,17,14365,14382,18346,0.000
216,2,17,14365,14382,18625,0.000
217,2,17,14365,14382,18810,0.000
218,2,17,14365,14382,18919,0.000
219,2,17,14365,14382,19088,0.000
220,2,17,14365,14382,19366,0.000
221,2,18,14364,14382,19440,0.000
222,2,18,14364,14382,19726,0.000
223,2,18,14364,14382,19693,0.000
224,2,18,14364,14382,20002,0.000
225,2,16,45904,45920,20262,0.000
226,2,16,45904,45920,20385,0.000
227,2,16,45904,45920,20395,0.000
228,2,16,45904,45920,20679,0.000
229,2,16,45904,45920,20727,0.000
230,2,16,45904,45920,20998,0.000
231,2,16,45904,45920,21263,0.000
232,2,16,45904,45920,21535,0.000
233,2,16,45904,45920,21485,0.000
234,2,16,45904,45920,21879,0.000
235,2,16,45904,45920,22008,0.000
236,2,16,45904,45920,22209,0.000
237,2,16,45904,45920,22347,0.000
238,2,16,45904,45920,22538,0.000
239,2,17,39911,39928,22484,0.000
240,2,17,39911,39928,22895,0.000
241,2,16,45904,45920,22863,0.000
242,2,16,45904,45920,23134,0.000
243,2,16,45904,45920,23304,0.000
244,2,16,45904,45920,23577,0.000
245,2,16,45904,45920,23756,0.000
246,2,16,45904,45920,24045,0.000
247,2,16,45904,45920,24169,0.000
248,2,16,45904,45920,24366,0.000
249,2,18,44556,44574,24503,0.000
250,2,18,44556,44574,24810,0.000
251,2,18,44556,44574,24783,0.000
252,2,18,44556,44574,25209,0.000
253,2,18,44556,44574,25329,0.000
254,2,18,44556,44574,25478,0.000
255,2,18,44556,44574,25808,0.000
256,2,18,44556,44574,26018,0.000
257,2,18,44556,44574,25965,0.000
258,2,18,44556,44574,26294,0.000
259,2,18,44556,44574,26437,0.000
260,2,18,44556,44574,26688,0.000
261,2,18,44556,44574,26952,0.000
262,2,18,44556,44574,27184,0.000
263,2,18,44556,44574,27160,0.000
264,2,18,44556,44574,27520,0.000
265,2,18,44556,44574,27682,0.000
266,2,18,44556,44574,27894,0.000
267,2,18,44556,44574,28039,0.000
268,2,18,44556,44574,28251,0.000
269,2,18,41422,41440,28236,0.000
270,2,17,70533,70550,28581,0.000
271,2,17,70533,70550,28634,0.000
272,2,17,70533,70550,29004,0.000
273,2,17,70533,70550,29211,0.000
274,2,17,70533,70550,29456,0.000
275,2,17,70533,70550,29658,0.000
276,2,17,70533,70550,29913,0.000
277,2,20,66470,66490,29880,0.000
278,2,17,70533,70550,30125,0.000
279,2,17,70533,70550,30456,0.000
280,2,17,70533,70550,30701,0.000
281,2,17,70533,70550,30627,0.000
282,2,17,70533,70550,31091,0.000
283,2,17,70533,70550,31048,0.000
284,2,17,70533,70550,31369,0.000
285,2,17,70533,70550,31704,0.000
286,2,17,70533,70550,32010,0.000
287,2,17,70533,70550,32170,0.000
288,2,17,70533,70550,32414,0.000
289,2,17,70533,70550,32610,0.000
290,2,17,70533,70550,32899,0.000
291,2,17,70533,70550,33060,0.000
292,2,16,70152,70168,33296,0.000
293,2,16,70152,70168,33233,0.000
294,2,16,70152,70168,33732,0.000
295,2,16,70152,70168,33886,0.000
296,2,16,70152,70168,34155,0.000
297,2,17,63252,63269,34479,0.000
298,2,17,63252,63269,34599,0.000
299,2,17,63252,63269,34796,0.000
300,2,17,63252,63269,35190,0.000
301,2,17,63252,63269,35449,0.000
302,2,17,63252,63269,35605,0.000
303,2,17,63252,63269,35795,0.000
304,2,17,63252,63269,36168,0.000
305,2,17,63252,63269,36297,0.000
306,2,17,63252,63269,36587,0.000
307,2,17,63252,63269,36645,0.000
308,2,17,63252,63269,37025,0.000
309,2,17,63252,63269,37290,0.000
310,2,17,63252,63269,37661,0.000
311,2,20,90180,90200,37601,0.000
312,2,17,63252,63269,38023,0.000
313,2,17,63252,63269,37962,0.000
314,2,17,63252,63269,38248,0.000
315,2,17,63252,63269,38557,0.000
316,2,17,63252,63269,38895,0.000
317,2,17,63252,63269,38872,0.000
318,2,17,63252,63269,39283,0.000
319,2,17,63252,63269,39403,0.000
320,2,16,70152,70168,39693,0.000
321,2,16,70152,70168,39967,0.000
322,2,16,70152,70168,40358,0.000
323,2,16,24864,24880,40444,0.000
324,2,16,24864,24880,40877,0.000
325,2,16,24864,24880,41100,0.000
326,2,16,24864,24880,41242,0.000
327,2,16,24864,24880,41579,0.000
328,2,16,24864,24880,41857,0.000
329,2,16,24864,24880,42006,0.000
330,2,16,24864,24880,42431,0.000
331,2,16,24864,24880,42498,0.000
332,2,16,24864,24880,42881,0.000
333,2,16,24864,24880,43081,0.000
334,2,16,24864,24880,43287,0.000
335,2,16,24864,24880,43518,0.000
336,2,16,24864,24880,43830,0.000
337,2,17,113103,113120,43901,0.000
338,2,17,113103,113120,44254,0.000
339,2,17,113103,113120,44567,0.000
340,2,17,113103,113120,44877,0.000
341,2,17,113103,113120,45039,0.000
342,2,17,113103,113120,45486,0.000
343,2,17,113103,113120,45644,0.000
344,2,17,113103,113120,45962,0.000
345,2,17,113103,113120,46248,0.000
346,2,17,113103,113120,46538,0.000
347,2,17,113103,113120,46505,0.000
348,2,17,113103,113120,46958,0.000
349,2,17,113103,113120,46919,0.000
350,2,17,113103,113120,47383,0.000
351,2,17,113103,113120,47762,0.000
352,2,17,113103,113120,48068,0.000
353,2,17,113103,113120,47976,0.000
354,2,17,113103,113120,48440,0.000
355,2,17,113103,113120,48745,0.000
356,2,17,113103,113120,49005,0.000
357,2,17,113103,113120,49305,0.000
358,2,17,113103,113120,49461,0.000
359,2,17,113103,113120,49475,0.000
360,2,17,113103,113120,50080,0.000
361,2,17,113103,113120,50195,0.000
362,2,17,113103,113120,50445,0.000
363,2,17,113103,113120,50718,0.000
364,2,17,113103,113120,51159,0.000
365,2,17,113103,113120,51315,0.000
366,2,17,113103,113120,51646,0.000
367,2,17,113103,113120,51723,0.000
368,2,17,113103,113120,52162,0.000
369,2,17,113103,113120,52412,0.000
370,2,17,113103,113120,52836,0.000
371,2,17,113103,113120,52995,0.000
372,2,17,113103,113120,53464,0.000
373,2,20,127926,127946,53414,0.000
374,2,20,127926,127946,53843,0.000
375,2,20,127926,127946,54138,0.000
376,2,20,127926,127946,54570,0.000
377,2,20,127926,127946,54754,0.000
378,2,20,127926,127946,55118,0.000
379,2,19,139128,139147,55192,0.000
380,2,19,139128,139147,55665,0.000
381,2,19,139128,139147,55990,0.000
382,2,19,139128,139147,56211,0.000
383,2,20,137865,137885,56163,0.000
384,2,19,139128,139147,56680,0.000
385,2,19,139128,139147,57088,0.000
386,2,19,139128,139147,57307,0.000
387,2,17,113103,113120,57761,0.000
388,2,17,113103,113120,58020,0.000
389,2,17,113103,113120,57945,0.000
390,2,17,113103,113120,58479,0.000
391,2,17,113103,113120,58636,0.000
392,2,17,113103,113120,58988,0.000
393,2,17,113103,113120,59182,0.000
394,2,17,113103,113120,59547,0.000
395,2,19,136656,136675,59825,0.000
396,2,17,152164,152181,60186,0.000
397,2,17,152164,152181,60123,0.000
398,2,17,152164,152181,60476,0.000
399,2,17,152164,152181,60967,0.000
400,2,17,152164,152181,61320,0.000
401,2,17,152164,152181,61230,0.000
402,2,17,152164,152181,61751,0.000
403,2,19,97921,97940,61893,0.000
404,2,19,97921,97940,62236,0.000
405,2,19,97921,97940,62722,0.000
406,2,19,97921,97940,63180,0.000
407,2,19,97921,97940,63383,0.000
408,2,19,97921,97940,63751,0.000
409,2,19,97921,97940,63707,0.000
410,2,19,97921,97940,64173,0.000
411,2,19,97921,97940,64527,0.000
412,2,18,166296,166314,65000,0.000
413,2,18,166296,166314,65171,0.000
414,2,18,166296,166314,65693,0.000
415,2,18,161425,161443,66044,0.000
416,2,18,161425,161443,66435,0.000
417,2,18,161425,161443,66620,0.000
418,2,18,161425,161443,66953,0.000
419,2,18,161425,161443,66868,0.000
420,2,18,161425,161443,67570,0.000
421,2,18,161425,161443,67546,0.000
422,2,18,161425,161443,67979,0.000
423,2,18,161425,161443,68295,0.000
424,2,18,161425,161443,68613,0.000
425,2,18,161425,161443,68893,0.000
426,2,22,180648,180670,69249,0.000
427,2,22,180648,180670,69616,0.000
428,2,22,180648,180670,69895,0.000
429,2,22,180648,180670,70372,0.000
430,2,22,180648,180670,70858,0.000
431,2,22,180648,180670,70760,0.000
432,2,22,180648,180670,71477,0.000
433,2,22,180648,180670,71404,0.000
434,2,22,180648,180670,71926,0.000
435,2,22,180648,180670,72275,0.000
436,2,22,180648,180670,72590,0.000
437,2,22,180648,180670,72745,0.000
438,2,22,180648,180670,73109,0.000
439,2,18,45450,45468,73198,0.000
440,2,18,45450,45468,73787,0.000
441,2,18,45450,45468,74271,0.000
442,2,18,45450,45468,74749,0.000
443,2,20,159909,159929,74642,0.000
444,2,20,159909,159929,75388,0.000
445,2,20,159909,159929,75610,0.000
446,2,20,159909,159929,75819,0.000
447,2,20,159909,159929,76133,0.000
448,2,20,159909,159929,76532,0.000
449,2,20,159909,159929,76411,0.000
450,2,20,159909,159929,77052,0.000
451,2,20,159909,159929,77273,0.000
452,2,20,159909,159929,77593,0.000
453,2,25,159904,159929,77846,0.000
454,2,25,159904,159929,78263,0.000
455,2,25,159904,159929,78628,0.000
456,2,25,159904,159929,79171,0.000
457,2,25,159904,159929,79104,0.000
458,2,25,159904,159929,79517,0.000
459,2,25,159904,159929,79921,0.000
460,2,23,159906,159929,80476,0.000
461,2,23,159906,159929,80403,0.000
462,2,23,159906,159929,81021,0.000
463,2,23,159906,159929,80914,0.000
464,2,23,159906,159929,81491,0.000
465,2,23,159906,159929,82009,0.000
466,2,23,159906,159929,82208,0.000
467,2,23,159906,159929,82216,0.000
468,2,23,159906,159929,82791,0.000
469,2,23,159906,159929,83193,0.000
470,2,23,159906,159929,83602,0.000
471,2,23,159906,159929,84009,0.000
472,2,23,159906,159929,84432,0.000
473,2,23,159906,159929,84587,0.000
474,2,23,159906,159929,85174,0.000
475,2,23,159906,159929,85471,0.000
476,2,23,159906,159929,85887,0.000
477,2,23,159906,159929,86366,0.000
478,2,23,159906,159929,86600,0.000
479,2,23,159906,159929,86559,0.000
480,2,23,159906,159929,87207,0.000
481,2,23,159906,159929,87470,0.000
482,2,23,159906,159929,87738,0.000
483,2,23,159906,159929,88152,0.000
484,2,23,159906,159929,88710,0.000
485,2,23,159906,159929,88910,0.000
486,2,23,159906,159929,89528,0.000
487,2,23,159906,159929,89450,0.000
488,2,23,159906,159929,90006,0.000
489,2,23,159906,159929,90434,0.000
490,2,23,159906,159929,90866,0.000
491,2,23,159906,159929,90754,0.000
492,2,23,159906,159929,91577,0.000
493,2,23,159906,159929,91784,0.000
494,2,23,159906,159929,92158,0.000
495,2,23,159906,159929,92565,0.000
496,2,23,159906,159929,93146,0.000
497,2,23,159906,159929,93407,0.000
498,2,23,159906,159929,93825,0.000
499,2,23,159906,159929,93931,0.000
500,2,23,159906,159929,94552,0.000
501,2,23,159906,159929,94759,0.000
502,2,23,159906,159929,95057,0.000
503,2,23,159906,159929,94998,0.000
504,2,23,159906,159929,95683,0.000
505,2,23,159906,159929,96101,0.000
506,2,23,159906,159929,96532,0.000
507,2,23,159906,159929,97048,0.000
508,2,23,159906,159929,97357,0.000
509,2,23,159906,159929,97274,0.000
510,2,23,159906,159929,98127,0.000
511,2,23,159906,159929,98557,0.000
512,2,23,159906,159929,98966,0.000
513,2,23,159906,159929,99316,0.000
514,2,23,159906,159929,99573,0.000
515,2,23,159906,159929,99861,0.000
516,2,23,159906,159929,100497,0.000
517,2,23,159906,159929,100910,0.000
518,2,23,159906,159929,101291,0.000
519,2,23,159906,159929,101557,0.000
520,2,23,159906,159929,102206,0.000
521,2,23,159906,159929,102131,0.000
522,2,23,159906,159929,102826,0.000
523,2,23,159906,159929,102683,0.000
524,2,23,159906,159929,103321,0.000
525,2,23,159906,159929,103942,0.000
526,2,23,159906,159929,104394,0.000
527,2,23,159906,159929,104662,0.000
528,2,23,159906,159929,105160,0.000
529,2,23,159906,159929,105314,0.000
530,2,21,269895,269916,105832,0.000
531,2,21,269895,269916,106370,0.000
532,2,21,269895,269916,107003,0.000
533,2,21,269895,269916,107190,0.000
534,2,21,269895,269916,107667,0.000
535,2,21,269895,269916,108132,0.000
536,2,21,269895,269916,108520,0.000
537,2,21,269895,269916,108838,0.000
538,2,21,269895,269916,109102,0.000
539,2,21,269895,269916,109527,0.000
540,2,21,269895,269916,110001,0.000
541,2,21,269895,269916,109935,0.000
542,2,21,269895,269916,110446,0.000
543,2,21,269895,269916,110744,0.000
544,2,21,269895,269916,111422,0.000
545,2,21,269895,269916,111637,0.000
546,2,21,269895,269916,112323,0.000
547,2,21,269895,269916,112427,0.000
548,2,21,269895,269916,113033,0.000
549,2,21,269895,269916,113608,0.000
550,2,21,269895,269916,114055,0.000
551,2,21,269895,269916,114298,0.000
552,2,21,269895,269916,115024,0.000
553,2,21,269895,269916,115252,0.000
554,2,21,269895,269916,115518,0.000
555,2,21,269895,269916,116213,0.000
556,2,21,269895,269916,116615,0.000
557,2,21,269895,269916,116497,0.000
558,2,21,269895,269916,117235,0.000
559,2,21,269895,269916,117675,0.000
560,2,21,269895,269916,118209,0.000
561,2,21,269895,269916,118635,0.000
562,2,21,269895,269916,119115,0.000
563,2,21,269895,269916,119028,0.000
564,2,21,269895,269916,119743,0.000
565,2,21,269895,269916,120212,0.000
566,2,21,269895,269916,120485,0.000
567,2,21,269895,269916,121006,0.000
568,2,21,269895,269916,121432,0.000
569,2,21,269895,269916,121369,0.000
570,2,21,269895,269916,122131,0.000
571,2,21,269895,269916,122038,0.000
572,2,21,269895,269916,122739,0.000
573,2,21,269895,269916,123023,0.000
574,2,21,269895,269916,123544,0.000
575,2,21,269895,269916,123888,0.000
576,2,21,269895,269916,124592,0.000
577,2,21,269895,269916,124688,0.000
578,2,21,269895,269916,125292,0.000
579,2,21,269895,269916,125608,0.000
580,2,21,269895,269916,126137,0.000
581,2,21,269895,269916,126373,0.000
582,2,21,269895,269916,127072,0.000
583,2,21,269895,269916,127340,0.000
584,2,21,269895,269916,127870,0.000
585,2,21,269895,269916,128333,0.000
586,2,21,269895,269916,128834,0.000
587,2,21,269895,269916,128771,0.000
588,2,21,269895,269916,129510,0.000
589,2,21,269895,269916,129763,0.000
590,2,21,269895,269916,130252,0.000
591,2,21,269895,269916,130762,0.000
592,2,21,269895,269916,131237,0.000
593,2,21,269895,269916,131079,0.000
594,2,21,269895,269916,132074,0.000
595,2,21,280644,280665,132516,0.000
596,2,21,280644,280665,132969,0.000
597,2,21,280644,280665,133504,0.000
598,2,21,280644,280665,133976,0.000
599,2,21,280644,280665,133812,0.000
600,2,21,280644,280665,134619,0.000
601,2,21,280644,280665,134718,0.000
602,2,21,280644,280665,135484,0.000
603,2,21,280644,280665,135870,0.000
604,2,21,280644,280665,136315,0.000
605,2,21,280644,280665,136681,0.000
606,2,21,280644,280665,137174,0.000
607,2,21,280644,280665,137297,0.000
608,2,21,280644,280665,138006,0.000
609,2,21,280644,280665,138650,0.000
610,2,21,280644,280665,139143,0.000
611,2,21,280644,280665,139372,0.000
612,2,21,280644,280665,140170,0.000
613,2,21,280644,280665,139993,0.000
614,2,21,280644,280665,140605,0.000
615,2,21,280644,280665,141378,0.000
616,2,21,280644,280665,142104,0.000
617,2,22,360938,360960,141953,0.000
618,2,22,360938,360960,142676,0.000
619,2,22,360938,360960,142801,0.000
620,2,22,360938,360960,143554,0.000
621,2,22,360938,360960,143989,0.000
622,2,22,360938,360960,144304,0.000
623,2,22,360938,360960,144644,0.000
624,2,22,360938,360960,145246,0.000
625,2,22,360938,360960,145815,0.000
626,2,22,360938,360960,146113,0.000
627,2,22,360938,360960,146662,0.000
628,2,22,360938,360960,147102,0.000
629,2,22,360938,360960,147431,0.000
630,2,22,360938,360960,148250,0.000
631,2,22,360938,360960,148140,0.000
632,2,22,360938,360960,148963,0.000
633,2,22,360938,360960,149219,0.000
634,2,22,360938,360960,149573,0.000
635,2,22,360938,360960,149918,0.000
636,2,22,360938,360960,150531,0.000
637,2,22,360938,360960,150938,0.000
638,2,22,360938,360960,151358,0.000
639,2,22,360938,360960,152005,0.000
640,2,22,360938,360960,152764,0.000
641,2,22,360938,360960,152588,0.000
642,2,22,360938,360960,153628,0.000
643,2,22,360938,360960,153517,0.000
644,2,22,360938,360960,154290,0.000
645,2,22,360938,360960,154989,0.000
646,2,22,360938,360960,155664,0.000
647,2,22,360938,360960,155580,0.000
648,2,22,360938,360960,156387,0.000
649,2,22,360938,360960,156919,0.000
650,2,22,360938,360960,157509,0.000
651,2,22,360938,360960,158218,0.000
652,2,22,360938,360960,158910,0.000
653,2,22,360938,360960,158746,0.000
654,2,22,360938,360960,159801,0.000
655,2,22,360938,360960,160070,0.000
656,2,22,360938,360960,160597,0.000
657,2,22,360938,360960,161023,0.000
658,2,22,360938,360960,161523,0.000
659,2,22,360938,360960,161416,0.000
660,2,22,360938,360960,162522,0.000
661,2,22,360938,360960,162643,0.000
662,2,22,360938,360960,163217,0.000
663,2,22,360938,360960,163736,0.000
664,2,21,280644,280665,164487,0.000
665,2,21,280644,280665,164967,0.000
666,2,21,280644,280665,165534,0.000
667,2,21,280644,280665,165813,0.000
668,2,21,280644,280665,166326,0.000
669,2,21,280644,280665,166695,0.000
670,2,21,280644,280665,167259,0.000
671,2,21,280644,280665,167531,0.000
672,2,21,280644,280665,168159,0.000
673,2,21,280644,280665,168044,0.000
674,2,24,108504,108528,168710,0.000
675,2,24,108504,108528,169367,0.000
676,2,24,108504,108528,169893,0.000
677,2,24,108504,108528,169728,0.000
678,2,24,108504,108528,170576,0.000
679,2,24,108504,108528,170947,0.000
680,2,24,108504,108528,171499,0.000
681,2,24,108504,108528,172078,0.000
682,2,24,108504,108528,172667,0.000
683,2,24,108504,108528,172459,0.000
684,2,24,108504,108528,173593,0.000
685,2,24,108504,108528,174005,0.000
686,2,24,108504,108528,174567,0.000
687,2,24,108504,108528,175162,0.000
688,2,24,108504,108528,175687,0.000
689,2,24,108504,108528,175913,0.000
690,2,24,108504,108528,176550,0.000
691,2,24,108504,108528,176667,0.000
692,2,24,108504,108528,177514,0.000
693,2,24,108504,108528,178066,0.000
694,2,24,108504,108528,178429,0.000
695,2,24,108504,108528,178891,0.000
696,2,24,108504,108528,179522,0.000
697,2,24,108504,108528,179818,0.000
698,2,24,108504,108528,180143,0.000
699,2,24,108504,108528,180615,0.000
700,2,24,108504,108528,181481,0.000
701,2,24,108504,108528,181362,0.000
702,2,24,108504,108528,182310,0.000
703,2,24,108504,108528,182611,0.000
704,2,24,108504,108528,183203,0.000
705,2,24,108504,108528,183958,0.000
706,2,24,108504,108528,184316,0.000
707,2,24,108504,108528,184722,0.000
708,2,24,108504,108528,185334,0.000
709,2,24,108504,108528,185222,0.000
710,2,24,108504,108528,186049,0.000
711,2,24,108504,108528,186465,0.000
712,2,24,108504,108528,187267,0.000
713,2,29,495521,495550,187462,0.000
714,2,29,495521,495550,188407,0.000
715,2,29,495521,495550,189138,0.000
716,2,29,495521,495550,189590,0.000
717,2,29,495521,495550,190221,0.000
718,2,29,495521,495550,190554,0.000
719,2,29,495521,495550,190559,0.000
720,2,29,495521,495550,191767,0.000
721,2,29,495521,495550,192122,0.000
722,2,29,495521,495550,192602,0.000
723,2,29,495521,495550,192923,0.000
724,2,29,495521,495550,193734,0.000
725,2,29,495521,495550,194115,0.000
726,2,29,495521,495550,194995,0.000
727,2,29,495521,495550,195122,0.000
728,2,29,495521,495550,196004,0.000
729,2,29,495521,495550,196525,0.000
730,2,29,495521,495550,197338,0.000
731,2,29,495521,495550,197670,0.000
732,2,29,495521,495550,198286,0.000
733,2,29,495521,495550,198154,0.000
734,2,29,495521,495550,198821,0.000
735,2,29,495521,495550,199505,0.000
736,2,29,495521,495550,200365,0.000
737,2,29,495521,495550,200716,0.000
738,2,29,495521,495550,201336,0.000
739,2,29,495521,495550,201202,0.000
740,2,29,495521,495550,202102,0.000
741,2,29,495521,495550,202880,0.000
742,2,29,495521,495550,203696,0.000
743,2,29,495521,495550,203463,0.000
744,2,29,495521,495550,204700,0.000
745,2,29,495521,495550,205321,0.000
746,2,29,495521,495550,205659,0.000
747,2,29,495521,495550,206525,0.000
748,2,29,495521,495550,207052,0.000
749,2,29,495521,495550,207429,0.000
750,2,29,495521,495550,208371,0.000
751,2,29,495521,495550,208254,0.000
752,2,29,495521,495550,209186,0.000
753,2,29,495521,495550,209486,0.000
754,2,29,495521,495550,210097,0.000
755,2,29,495521,495550,210488,0.000
756,2,29,495521,495550,211427,0.000
757,2,29,495521,495550,211309,0.000
758,2,29,495521,495550,211971,0.000
759,2,29,495521,495550,212696,0.000
760,2,29,495521,495550,213276,0.000
761,2,29,495521,495550,213062,0.000
762,2,29,495521,495550,214294,0.000
763,2,29,495521,495550,214608,0.000
764,2,29,495521,495550,215228,0.000
765,2,29,495521,495550,215868,0.000
766,2,29,495521,495550,216513,0.000
767,2,29,495521,495550,216907,0.000
768,2,29,495521,495550,217598,0.000
769,2,29,495521,495550,217496,0.000
770,2,29,495521,495550,218394,0.000
771,2,29,495521,495550,218802,0.000
772,2,29,495521,495550,219665,0.000
773,2,29,495521,495550,219486,0.000
774,2,29,495521,495550,220435,0.000
775,2,29,495521,495550,221173,0.000
776,2,29,495521,495550,221711,0.000
777,2,29,495521,495550,222558,0.000
778,2,29,495521,495550,222925,0.000
779,2,29,495521,495550,223326,0.000
780,2,29,495521,495550,224355,0.000
781,2,29,495521,495550,224726,0.000
782,2,29,495521,495550,225350,0.000
783,2,29,495521,495550,225890,0.000
784,2,29,495521,495550,226811,0.000
785,2,29,495521,495550,227198,0.000
786,2,29,495521,495550,228138,0.000
787,2,29,495521,495550,227999,0.000
788,2,29,495521,495550,228821,0.000
789,2,29,495521,495550,229273,0.000
790,2,29,495521,495550,230205,0.000
791,2,29,495521,495550,230518,0.000
792,2,29,495521,495550,231500,0.000
793,2,29,495521,495550,231843,0.000
794,2,29,495521,495550,232261,0.000
795,2,29,495521,495550,232982,0.000
796,2,29,495521,495550,233607,0.000
797,2,29,495521,495550,233433,0.000
798,2,29,495521,495550,234398,0.000
799,2,29,495521,495550,234999,0.000
800,2,29,495521,495550,235700,0.000
801,2,29,495521,495550,236485,0.000
802,2,29,495521,495550,236891,0.000
803,2,29,495521,495550,237303,0.000
804,2,29,495521,495550,238310,0.000
805,2,29,495521,495550,239122,0.000
806,2,29,495521,495550,239673,0.000
807,2,29,495521,495550,240358,0.000
808,2,29,495521,495550,240964,0.000
809,2,29,495521,495550,240722,0.000
810,2,29,495521,495550,242080,0.000
811,2,30,495520,495550,242216,0.000
812,2,30,495520,495550,243297,0.000
813,2,30,495520,495550,243606,0.000
814,2,30,495520,495550,244548,0.000
815,2,30,495520,495550,244899,0.000
816,2,30,495520,495550,245618,0.000
817,2,30,495520,495550,245987,0.000
818,2,30,495520,495550,246407,0.000
819,2,30,495520,495550,247454,0.000
820,2,30,495520,495550,248141,0.000
821,2,30,495520,495550,248013,0.000
822,2,30,495520,495550,249085,0.000
823,2,30,495520,495550,248870,0.000
824,2,30,495520,495550,249831,0.000
825,2,30,495520,495550,250505,0.000
826,2,30,495520,495550,251125,0.000
827,2,30,495520,495550,250898,0.000
828,2,30,495520,495550,251967,0.000
829,2,30,495520,495550,252121,0.000
830,2,30,495520,495550,253081,0.000
831,2,30,495520,495550,253504,0.000
832,2,30,495520,495550,254538,0.000
833,2,30,495520,495550,254906,0.000
834,2,30,495520,495550,255874,0.000
835,2,30,495520,495550,256584,0.000
836,2,30,495520,495550,257334,0.000
837,2,30,495520,495550,257905,0.000
838,2,30,495520,495550,258249,0.000
839,2,30,495520,495550,258172,0.000
840,2,30,495520,495550,259295,0.000
841,2,30,495520,495550,259605,0.000
842,2,30,495520,495550,260085,0.000
843,2,30,495520,495550,260621,0.000
844,2,30,495520,495550,261275,0.000
845,2,30,495520,495550,261860,0.000
846,2,30,495520,495550,262587,0.000
847,2,30,495520,495550,263395,0.000
848,2,30,495520,495550,264016,0.000
849,2,26,495524,495550,264741,0.000
850,2,26,495524,495550,265768,0.000
851,2,26,495524,495550,266018,0.000
852,2,26,495524,495550,266819,0.000
853,2,26,495524,495550,266571,0.000
854,2,26,495524,495550,267648,0.000
855,2,26,495524,495550,268601,0.000
856,2,26,495524,495550,269307,0.000
857,2,26,495524,495550,269186,0.000
858,2,26,495524,495550,270242,0.000
859,2,26,495524,495550,270098,0.000
860,2,26,495524,495550,271153,0.000
861,2,26,495524,495550,272081,0.000
862,2,26,495524,495550,272801,0.000
863,2,26,495524,495550,272676,0.000
864,2,26,495524,495550,273822,0.000
865,2,26,495524,495550,274147,0.000
866,2,26,495524,495550,274648,0.000
867,2,26,495524,495550,275652,0.000
868,2,26,495524,495550,276367,0.000
869,2,26,495524,495550,276706,0.000
870,2,26,495524,495550,277555,0.000
871,2,26,495524,495550,278249,0.000
872,2,26,495524,495550,278907,0.000
873,2,26,495524,495550,279478,0.000
874,2,26,495524,495550,280396,0.000
875,2,26,495524,495550,280925,0.000
876,2,24,597930,597954,281653,0.000
877,2,24,597930,597954,281810,0.000
878,2,24,597930,597954,282538,0.000
879,2,24,597930,597954,283117,0.000
880,2,24,597930,597954,284209,0.000
881,2,24,597930,597954,284061,0.000
882,2,24,597930,597954,285312,0.000
883,2,24,597930,597954,285137,0.000
884,2,24,597930,597954,286190,0.000
885,2,24,597930,597954,286867,0.000
886,2,24,597930,597954,287200,0.000
887,2,24,597930,597954,287123,0.000
888,2,24,597930,597954,288224,0.000
889,2,24,597930,597954,288947,0.000
890,2,24,597930,597954,289726,0.000
891,2,24,597930,597954,290357,0.000
892,2,24,597930,597954,291290,0.000
893,2,24,597930,597954,291575,0.000
894,2,24,597930,597954,292694,0.000
895,2,24,597930,597954,293455,0.000
896,2,24,597930,597954,294183,0.000
897,2,24,597930,597954,294836,0.000
898,2,24,597930,597954,295248,0.000
899,2,24,597930,597954,295685,0.000
900,2,24,597930,597954,296584,0.000
901,2,22,597932,597954,297268,0.000
902,2,22,597932,597954,298065,0.000
903,2,22,597932,597954,298644,0.000
904,2,22,597932,597954,299343,0.000
905,2,22,597932,597954,299708,0.000
906,2,22,597932,597954,300776,0.000
907,2,22,597932,597954,300585,0.000
908,2,22,597932,597954,301547,0.000
909,2,22,597932,597954,302215,0.000
910,2,22,597932,597954,302960,0.000
911,2,22,597932,597954,302810,0.000
912,2,21,588354,588375,304335,0.000
913,2,21,588354,588375,304670,0.000
914,2,21,588354,588375,305081,0.000
915,2,21,588354,588375,305933,0.000
916,2,21,588354,588375,306893,0.000
917,2,21,588354,588375,307300,0.000
918,2,21,588354,588375,308110,0.000
919,2,21,588354,588375,307960,0.000
920,2,21,588354,588375,309177,0.000
921,2,21,588354,588375,309626,0.000
922,2,21,588354,588375,310142,0.000
923,2,21,588354,588375,310576,0.000
924,2,24,852448,852472,311748,0.000
925,2,24,803816,803840,312399,0.000
926,2,24,803816,803840,312902,0.000
927,2,24,803816,803840,313646,0.000
928,2,24,803816,803840,314323,0.000
929,2,24,803816,803840,314179,0.000
930,2,24,803816,803840,315380,0.000
931,2,24,803816,803840,316260,0.000
932,2,24,803816,803840,316860,0.000
933,2,24,803816,803840,317343,0.000
934,2,24,803816,803840,318172,0.000
935,2,24,803816,803840,318860,0.000
936,2,24,803816,803840,319972,0.000
937,2,24,803816,803840,320115,0.001
938,2,24,803816,803840,321170,0.000
939,2,24,803816,803840,321954,0.000
940,2,24,803816,803840,323110,0.000
941,2,24,803816,803840,322820,0.000
942,2,24,803816,803840,324014,0.001
943,2,27,852448,852475,324312,0.000
944,2,24,803816,803840,325097,0.001
945,2,24,803816,803840,326163,0.000
946,2,24,803816,803840,326901,0.001
947,2,24,803816,803840,326756,0.001
948,2,24,803816,803840,327976,0.001
949,2,24,803816,803840,328387,0.001
950,2,24,803816,803840,329186,0.001
951,2,24,803816,803840,329967,0.001
952,2,24,803816,803840,330816,0.001
953,2,24,803816,803840,330534,0.001
954,2,24,803816,803840,332120,0.001
955,2,24,803816,803840,332614,0.001
956,2,24,803816,803840,333208,0.001
957,2,24,803816,803840,334242,0.001
958,2,24,803816,803840,334685,0.001
959,2,24,803816,803840,335215,0.001
960,2,24,803816,803840,336097,0.001
961,2,24,803816,803840,336365,0.001
962,2,24,803816,803840,337261,0.001
963,2,24,803816,803840,337769,0.001
964,2,24,803816,803840,338546,0.001
965,2,24,803816,803840,339076,0.001
966,2,24,803816,803840,340264,0.001
967,2,24,803816,803840,340434,0.001
968,2,24,803816,803840,341564,0.001
969,2,24,803816,803840,342204,0.001
970,2,24,803816,803840,342949,0.001
971,2,24,803816,803840,342797,0.001
972,2,24,803816,803840,344128,0.001
973,2,24,803816,803840,344564,0.001
974,2,24,803816,803840,345011,0.001
975,2,24,803816,803840,346253,0.001
976,2,24,803816,803840,347370,0.001
977,2,24,803816,803840,347069,0.001
978,2,24,803816,803840,348209,0.001
979,2,24,803816,803840,348680,0.001
980,2,24,803816,803840,349588,0.001
981,2,27,960534,960561,350274,0.001
982,2,27,960534,960561,350765,0.001
983,2,27,960534,960561,350637,0.001
984,2,27,960534,960561,351932,0.001
985,2,27,960534,960561,352409,0.001
986,2,27,960534,960561,353083,0.001
987,2,27,960534,960561,354141,0.001
988,2,27,960534,960561,354855,0.001
989,2,27,960534,960561,355286,0.001
990,2,27,960534,960561,356567,0.001
991,2,27,960534,960561,356383,0.001
992,2,27,960534,960561,357699,0.001
993,2,27,960534,960561,358157,0.001
994,2,27,960534,960561,359311,0.001
995,2,27,960534,960561,359665,0.001
996,2,27,960534,960561,360544,0.001
997,2,27,960534,960561,360708,0.001
998,2,27,960534,960561,361539,0.001
999,2,23,956091,956114,362734,0.001
1000,2,23,956091,956114,363896,0.001
1001,2,23,956091,956114,364439,0.001
1002,2,23,956091,956114,365591,0.001
1003,2,23,956091,956114,366024,0.001
1004,2,23,956091,956114,366761,0.001
1005,2,23,956091,956114,367498,0.001
1006,2,23,956091,956114,368335,0.001
1007,2,23,956091,956114,368806,0.001
1008,2,23,956091,956114,369651,0.001
1009,2,23,956091,956114,369807,0.001
1010,2,23,956091,956114,371090,0.001
1011,2,23,956091,956114,371699,0.001
1012,2,23,956091,956114,372487,0.001
1013,2,23,956091,956114,372161,0.001
1014,2,23,956091,956114,373838,0.001
1015,2,23,956091,956114,374849,0.001
1016,2,23,956091,956114,375658,0.001
1017,2,23,956091,956114,376350,0.001
1018,2,23,956091,956114,376741,0.001
1019,2,23,956091,956114,376613,0.001
1020,2,23,956091,956114,378304,0.001
1021,2,23,956091,956114,378117,0.001
1022,2,23,956091,956114,379304,0.001
1023,2,23,956091,956114,379984,0.001
1024,2,23,956091,956114,380844,0.001
1025,2,23,956091,956114,381507,0.001
1026,2,23,956091,956114,382364,0.001
1027,2,23,956091,956114,383173,0.001
1028,2,23,956091,956114,383884,0.001
1029,2,23,956091,956114,384604,0.001
1030,2,23,956091,956114,385436,0.001
1031,2,23,956091,956114,385178,0.001
1032,2,23,956091,956114,386899,0.001
1033,2,23,650770,650793,386602,0.001
1034,2,23,960534,960557,387779,0.001
1035,2,23,960534,960557,388956,0.001
1036,2,23,960534,960557,389800,0.001
1037,2,25,956095,956120,390271,0.001
1038,2,23,960534,960557,391091,0.001
1039,2,23,960534,960557,390962,0.001
1040,2,23,960534,960557,392170,0.001
1041,2,23,790102,790125,393031,0.001
1042,2,23,790102,790125,393960,0.001
1043,2,23,790102,790125,394517,0.001
1044,2,23,790102,790125,395802,0.001
1045,2,23,790102,790125,396882,0.001
1046,2,23,790102,790125,397298,0.001
1047,2,23,790102,790125,397869,0.001
1048,2,23,790102,790125,398713,0.001
1049,2,23,790102,790125,398482,0.001
1050,2,23,790102,790125,400219,0.001
1051,2,23,790102,790125,400039,0.001
1052,2,23,790102,790125,401320,0.001
1053,2,23,790102,790125,402110,0.001
1054,2,23,790102,790125,402813,0.001
1055,2,23,790102,790125,403219,0.001
1056,2,23,790102,790125,404519,0.001
1057,2,23,790102,790125,405380,0.001
1058,2,23,790102,790125,406014,0.001
1059,2,23,790102,790125,406622,0.001
1060,2,23,790102,790125,407546,0.001
1061,2,23,790102,790125,407238,0.001
1062,2,23,790102,790125,408637,0.001
1063,2,23,790102,790125,408327,0.001
1064,2,23,790102,790125,409749,0.001
1065,2,23,790102,790125,410886,0.001
1066,2,23,790102,790125,412041,0.001
1067,2,23,790102,790125,412439,0.001
1068,2,23,790102,790125,413283,0.001
1069,2,23,790102,790125,413470,0.001
1070,2,23,790102,790125,414710,0.001
1071,2,23,790102,790125,415900,0.001
1072,2,23,790102,790125,417121,0.001
1073,2,23,790102,790125,417340,0.001
1074,2,23,790102,790125,418340,0.001
1075,2,23,790102,790125,419023,0.001
1076,2,23,790102,790125,419733,0.001
1077,2,25,1015590,1015615,420686,0.001
1078,2,25,1015590,1015615,421570,0.001
1413,3,37,2764797373,2764797410,1003350259,2.279
1079,2,25,1007783,1007808,422053,0.001
1080,2,25,1015590,1015615,423047,0.001
1081,2,25,1015590,1015615,423858,0.001
1082,2,25,1015590,1015615,424434,0.001
1083,2,25,1015590,1015615,425288,0.001
1084,2,25,1015590,1015615,426071,0.001
1085,2,25,1015590,1015615,426755,0.001
1086,2,25,1015590,1015615,427596,0.001
1087,2,25,1015590,1015615,427495,0.001
1088,2,25,1015590,1015615,428774,0.001
1089,2,25,1015590,1015615,429537,0.001
1090,2,25,1015590,1015615,430740,0.001
1091,2,25,1015590,1015615,430570,0.001
1092,2,25,1015590,1015615,432070,0.001
1093,2,25,1015590,1015615,431761,0.001
1094,2,25,1015590,1015615,432727,0.001
1095,2,25,1015590,1015615,433712,0.001
1096,2,25,1015590,1015615,434544,0.001
1097,2,25,1015590,1015615,434266,0.001
1098,2,27,1203804,1203831,435670,0.001
1099,2,27,1203804,1203831,436194,0.001
1100,2,27,1203804,1203831,437186,0.001
1101,2,27,1203804,1203831,437750,0.001
1102,2,27,1203804,1203831,438986,0.001
1103,2,27,1203804,1203831,438649,0.001
1104,2,27,1203804,1203831,440478,0.001
1105,2,27,1203804,1203831,441327,0.001
1106,2,27,1203804,1203831,442040,0.001
1107,2,27,1203804,1203831,443211,0.001
1108,2,27,1203804,1203831,443960,0.001
1109,2,27,1203804,1203831,443834,0.001
1110,2,27,1203804,1203831,445291,0.001
1111,2,27,1203804,1203831,446174,0.001
1112,2,27,1203804,1203831,446988,0.001
1113,2,27,1203804,1203831,447694,0.001
1114,2,27,1203804,1203831,448245,0.001
1115,2,27,1203804,1203831,448967,0.001
1116,2,27,1203804,1203831,449987,0.001
1117,2,27,1203804,1203831,449676,0.001
1118,2,27,1203804,1203831,450921,0.001
1119,2,27,1203804,1203831,451866,0.001
1120,2,27,1203804,1203831,453234,0.001
1121,2,27,1203804,1203831,453587,0.001
1122,2,27,1203804,1203831,455025,0.001
1123,2,27,1203804,1203831,454795,0.001
1124,2,27,1203804,1203831,456019,0.001
1125,2,27,1203804,1203831,456933,0.001
1126,2,27,1203804,1203831,457866,0.001
1127,2,27,1203804,1203831,458738,0.001
1128,2,27,1203804,1203831,459572,0.001
1129,2,27,1203804,1203831,459420,0.001
1130,2,27,1203804,1203831,460747,0.001
1131,2,27,1203804,1203831,461458,0.001
1132,2,27,1203804,1203831,462275,0.001
1133,2,27,1203804,1203831,462721,0.001
1134,2,27,1203804,1203831,464150,0.001
1135,2,27,1203804,1203831,465073,0.001
1136,2,27,1203804,1203831,466085,0.001
1137,2,27,1203804,1203831,467025,0.001
1138,2,27,1203804,1203831,467485,0.001
1139,2,27,1203804,1203831,468021,0.001
1140,2,27,1203804,1203831,469163,0.001
1141,2,27,1203804,1203831,470099,0.001
1142,2,27,1203804,1203831,470745,0.001
1143,2,27,1203804,1203831,471632,0.001
1144,2,27,1203804,1203831,472973,0.001
1145,2,27,1203804,1203831,473391,0.001
1146,2,27,1203804,1203831,474390,0.001
1147,2,23,846009,846032,475178,0.001
1148,2,23,846009,846032,476126,0.001
1149,2,23,846009,846032,477079,0.001
1150,2,23,846009,846032,477980,0.001
1151,2,23,846009,846032,477657,0.001
1152,2,23,846009,846032,479115,0.001
1153,2,23,846009,846032,478888,0.001
1154,2,23,846009,846032,480027,0.001
1155,2,23,846009,846032,481506,0.001
1156,2,23,846009,846032,482800,0.001
1157,2,23,846009,846032,483222,0.001
1158,2,23,846009,846032,484207,0.001
1159,2,23,846009,846032,484676,0.001
1160,2,23,846009,846032,485779,0.001
1161,2,23,846009,846032,486610,0.001
1162,2,23,846009,846032,487500,0.001
1163,2,23,846009,846032,487145,0.001
1164,2,23,846009,846032,488648,0.001
1165,2,23,846009,846032,489222,0.001
1166,2,23,846009,846032,489993,0.001
1167,2,23,846009,846032,490982,0.001
1168,2,23,846009,846032,491975,0.001
1169,2,23,846009,846032,492404,0.001
1170,2,23,846009,846032,493848,0.001
1171,2,23,846009,846032,494033,0.001
1172,2,23,846009,846032,495314,0.001
1173,2,23,846009,846032,496051,0.001
1174,2,23,846009,846032,497029,0.001
1175,2,23,846009,846032,497838,0.001
1176,2,23,846009,846032,499225,0.001
1177,2,23,846009,846032,499764,0.001
1178,2,23,846009,846032,500549,0.001
1179,2,23,846009,846032,501747,0.001
1180,2,23,846009,846032,502718,0.001
1181,2,23,846009,846032,502532,0.001
1182,2,23,846009,846032,504023,0.001
1183,2,23,846009,846032,504652,0.001
1184,2,23,846009,846032,505556,0.001
1185,2,23,846009,846032,506447,0.001
1186,2,23,846009,846032,507428,0.001
1187,2,23,846009,846032,507281,0.001
1188,2,23,846009,846032,508708,0.001
1189,2,23,846009,846032,509556,0.001
1190,2,23,846009,846032,510567,0.001
1191,2,25,1218375,1218400,511549,0.001
1192,2,25,1218375,1218400,512953,0.001
1193,2,25,1218375,1218400,512583,0.001
1194,2,25,1218375,1218400,513967,0.001
1195,2,23,846009,846032,514950,0.001
1196,2,23,846009,846032,516007,0.001
1197,2,23,846009,846032,517293,0.001
1198,2,23,846009,846032,517845,0.001
1199,2,23,846009,846032,518482,0.001
1200,2,23,846009,846032,519974,0.001
1201,2,23,846009,846032,519701,0.001
1202,2,23,846009,846032,520755,0.001
1203,2,23,846009,846032,521386,0.001
1204,2,23,846009,846032,522495,0.001
1205,2,23,846009,846032,522944,0.001
1206,2,23,846009,846032,524427,0.001
1207,2,23,846009,846032,524965,0.001
1208,2,23,846009,846032,525840,0.001
1209,2,23,846009,846032,527099,0.001
1210,2,23,846009,846032,528149,0.001
1211,2,23,846009,846032,528645,0.001
1212,2,23,846009,846032,530114,0.001
1213,2,23,846009,846032,529790,0.001
1214,2,23,846009,846032,530988,0.001
1215,2,23,846009,846032,532121,0.001
1216,2,24,1476756,1476780,533041,0.001
1217,2,24,1476756,1476780,532830,0.001
1218,2,24,1476756,1476780,534410,0.001
1219,2,24,1476756,1476780,535298,0.001
1220,2,24,1476756,1476780,536358,0.001
1221,2,24,1476756,1476780,537617,0.001
1222,2,24,1476756,1476780,538507,0.001
1223,2,24,1476756,1476780,538164,0.001
1224,2,24,1476756,1476780,540195,0.001
1225,2,24,1476756,1476780,541061,0.001
1226,2,24,1476756,1476780,541539,0.001
1227,2,24,1476756,1476780,542345,0.001
1228,2,24,1476756,1476780,543260,0.001
1229,2,24,1476756,1476780,542921,0.001
1230,2,24,1476756,1476780,544962,0.001
1231,2,24,1476756,1476780,544753,0.001
1232,2,24,1476756,1476780,546387,0.001
1233,2,24,1476756,1476780,547038,0.001
1234,2,24,1476756,1476780,548074,0.001
1235,2,24,1476756,1476780,549118,0.001
1236,2,24,1476756,1476780,550113,0.001
1237,2,24,1476756,1476780,550309,0.001
1238,2,24,1476756,1476780,551336,0.001
1239,2,24,1476756,1476780,552832,0.001
1240,2,24,1476756,1476780,553892,0.001
1241,2,24,1476756,1476780,554421,0.001
1242,2,24,1476756,1476780,555577,0.001
1243,2,24,1476756,1476780,555997,0.001
1244,2,24,1476756,1476780,556998,0.001
1245,2,24,1476756,1476780,557995,0.001
1246,2,24,1476756,1476780,559046,0.001
1247,2,24,1476756,1476780,559422,0.001
1248,2,24,1476756,1476780,560598,0.001
1249,2,24,1476756,1476780,560380,0.001
1250,2,24,1476756,1476780,561813,0.001
1251,2,24,1476756,1476780,562686,0.001
1252,2,23,1222726,1222749,564019,0.001
1253,2,23,1222726,1222749,564518,0.001
1254,2,23,1222726,1222749,565671,0.001
1255,2,23,1222726,1222749,566261,0.001
1256,2,23,1222726,1222749,567173,0.001
1257,2,23,1222726,1222749,567805,0.001
1258,2,23,1222726,1222749,568751,0.001
1259,2,23,1222726,1222749,568581,0.001
1260,2,23,1222726,1222749,570227,0.001
1261,2,23,1222726,1222749,571217,0.001
1262,2,23,1222726,1222749,571866,0.001
1263,2,23,1222726,1222749,572576,0.001
1264,2,23,1222726,1222749,573582,0.001
1265,2,23,1222726,1222749,574347,0.001
1266,2,23,1222726,1222749,575777,0.001
1267,2,23,1222726,1222749,576407,0.001
1268,2,23,1222726,1222749,577204,0.001
1269,2,23,1222726,1222749,578248,0.001
1270,2,23,1222726,1222749,579649,0.001
1271,2,23,1222726,1222749,579919,0.001
1272,2,23,1222726,1222749,581592,0.001
1273,2,23,1103677,1103700,582079,0.001
1274,2,23,1103677,1103700,583126,0.001
1275,2,23,1103677,1103700,584521,0.001
1276,2,23,1103677,1103700,585986,0.001
1277,2,23,1103677,1103700,585607,0.001
1278,2,23,1103677,1103700,587130,0.001
1279,2,23,1103677,1103700,587344,0.001
1280,2,23,1103677,1103700,589023,0.001
1281,2,23,1103677,1103700,589916,0.001
1282,2,23,1103677,1103700,590545,0.001
1283,2,23,1103677,1103700,590325,0.001
1284,2,23,1103677,1103700,591988,0.001
1285,2,23,1103677,1103700,592609,0.002
1286,2,23,1103677,1103700,593325,0.001
1287,2,23,1103677,1103700,594513,0.001
1288,2,23,1103677,1103700,595442,0.001
1289,2,23,1103677,1103700,595219,0.001
1290,2,23,1103677,1103700,597351,0.001
1291,2,23,1103677,1103700,597159,0.001
1292,2,23,1103677,1103700,598623,0.001
1293,2,23,1103677,1103700,599106,0.001
1294,2,23,1103677,1103700,599807,0.001
1295,2,23,1103677,1103700,600869,0.001
1296,2,23,1103677,1103700,602392,0.001
1297,2,23,1103677,1103700,602595,0.001
1298,2,23,1103677,1103700,604035,0.001
1299,2,23,1103677,1103700,604612,0.001
1300,2,23,1103677,1103700,605776,0.001
1301,2,24,1165684,1165708,605375,0.001
1302,2,23,1103677,1103700,607087,0.001
1303,2,23,1103677,1103700,606821,0.001
1304,2,23,1103677,1103700,608322,0.001
1305,2,23,1103677,1103700,609795,0.001
1306,2,23,1103677,1103700,610406,0.001
1307,2,23,1103677,1103700,610244,0.001
1308,2,23,1103677,1103700,611911,0.002
1309,2,23,1103677,1103700,613213,0.001
1310,2,23,1103677,1103700,614119,0.001
1311,2,23,1103677,1103700,615442,0.001
1312,2,23,1103677,1103700,616595,0.001
1313,2,23,1103677,1103700,616983,0.001
1314,2,23,1103677,1103700,618217,0.001
1315,2,23,1103677,1103700,618852,0.001
1316,2,23,1103677,1103700,620027,0.001
1317,2,23,1103677,1103700,621114,0.002
1318,2,23,1103677,1103700,621673,0.001
1319,2,23,1103677,1103700,621546,0.001
1320,2,23,1103677,1103700,623133,0.001
1321,2,25,1512525,1512550,622897,0.001
1322,2,25,1512525,1512550,624205,0.001
1323,2,25,1512525,1512550,625279,0.001
1324,2,25,1512525,1512550,626646,0.001
1325,2,25,1512525,1512550,627537,0.001
1326,2,25,1512525,1512550,628665,0.001
1327,2,25,1512525,1512550,628410,0.001
1328,2,25,1512525,1512550,629931,0.001
1329,2,25,1512525,1512550,631032,0.001
1330,2,25,1512525,1512550,632631,0.001
1331,2,25,1512525,1512550,633243,0.001
1332,2,25,1512525,1512550,634903,0.002
1333,2,25,1512525,1512550,635200,0.002
1334,2,25,1512525,1512550,636191,0.001
1335,2,25,1512525,1512550,637196,0.001
1336,2,25,1512525,1512550,638686,0.001
1337,2,25,1512525,1512550,639180,0.001
1338,2,25,1512525,1512550,640185,0.001
1339,2,25,1512525,1512550,641264,0.001
1340,2,25,1512525,1512550,642333,0.001
1341,2,25,1512525,1512550,643183,0.001
56230,2,57,1255883638,1255883695,983343101,2.535
1342,2,25,1512525,1512550,644632,0.001
1343,2,25,1512525,1512550,645069,0.001
1344,2,25,1512525,1512550,646769,0.001
1345,2,25,1512525,1512550,647855,0.001
1346,2,25,1512525,1512550,648422,0.001
1347,2,25,1512525,1512550,649740,0.001
1348,2,25,1512525,1512550,650585,0.001
1349,2,25,1512525,1512550,651142,0.001
1350,2,25,1512525,1512550,652843,0.001
1351,2,25,1512525,1512550,653534,0.001
1352,2,25,1512525,1512550,654605,0.001
1353,2,25,1512525,1512550,655508,0.001
1354,2,25,1512525,1512550,656619,0.001
1355,2,25,1512525,1512550,657286,0.001
1356,2,25,1512525,1512550,658937,0.002
1357,2,25,1512525,1512550,659939,0.002
1358,2,25,1512525,1512550,660981,0.001
1359,2,25,1512525,1512550,661749,0.002
1360,2,25,1512525,1512550,663340,0.001
1361,2,25,1512525,1512550,663105,0.001
1362,2,25,1512525,1512550,664805,0.001
1363,2,25,1512525,1512550,665232,0.001
1364,2,25,1512525,1512550,666398,0.001
1365,2,25,1512525,1512550,667915,0.001
1366,2,25,1512525,1512550,669035,0.001
1367,2,25,1512525,1512550,669024,0.001
1368,2,25,1512525,1512550,670785,0.001
1369,2,27,1529150,1529177,671010,0.001
1370,2,27,1529150,1529177,672169,0.001
1371,2,27,1529150,1529177,673307,0.001
1372,2,27,1529150,1529177,674513,0.001
1373,2,27,1529150,1529177,674052,0.001
1374,2,27,1529150,1529177,675859,0.001
1375,2,27,1529150,1529177,677285,0.001
1376,2,27,1529150,1529177,678268,0.001
1377,2,27,1529150,1529177,679740,0.001
1378,2,27,1529150,1529177,680583,0.001
1379,2,27,1529150,1529177,681285,0.001
1380,2,27,1529150,1529177,682581,0.001
1381,2,27,1529150,1529177,682327,0.001
1382,2,27,1529150,1529177,683561,0.001
1383,2,27,1529150,1529177,684301,0.001
1384,2,27,1529150,1529177,685917,0.001
1385,2,27,1529150,1529177,686477,0.001
1386,2,27,1529150,1529177,687698,0.001
1387,2,27,1529150,1529177,688380,0.001
1388,2,27,1529150,1529177,689317,0.001
1389,2,27,1529150,1529177,690540,0.001
1390,2,27,1529150,1529177,691665,0.001
1391,2,27,1529150,1529177,692162,0.001
1392,2,27,1529150,1529177,693345,0.001
1393,2,27,1529150,1529177,693967,0.001
1394,2,27,1529150,1529177,695080,0.001
1395,2,27,1529150,1529177,696658,0.001
1396,2,27,1529150,1529177,698103,0.001
1397,2,27,1529150,1529177,698635,0.001
1398,2,27,1529150,1529177,699667,0.001
1399,2,27,1529150,1529177,699919,0.001
1400,2,27,1529150,1529177,701628,0.001
1401,2,27,1529150,1529177,702787,0.001
1402,2,27,1529150,1529177,704038,0.001
1403,2,27,1529150,1529177,704596,0.001
1404,2,27,1529150,1529177,705936,0.001
1405,2,27,1529150,1529177,706743,0.001
1406,2,27,1529150,1529177,707843,0.001
1407,2,27,1529150,1529177,708926,0.001
1408,2,27,1529150,1529177,710044,0.001
1409,2,27,1529150,1529177,709678,0.001
1410,2,27,1529150,1529177,711990,0.001
1411,2,27,1529150,1529177,712429,0.001
1412,2,27,1529150,1529177,713594,0.001
1413,2,27,1529150,1529177,714441,0.001
1414,2,27,1529150,1529177,715536,0.001
1415,2,27,1529150,1529177,716071,0.001
1416,2,27,1529150,1529177,717343,0.001
1417,2,27,1529150,1529177,718429,0.001
1418,2,27,1529150,1529177,719024,0.001
1419,2,27,1529150,1529177,720713,0.001
1420,2,27,1529150,1529177,721865,0.001
1421,2,27,1529150,1529177,722722,0.001
1422,2,27,1529150,1529177,724410,0.001
1423,2,27,1529150,1529177,724106,0.001
1424,2,27,1529150,1529177,725807,0.001
1425,2,27,1529150,1529177,726732,0.001
1426,2,27,1529150,1529177,728198,0.001
1427,2,27,1529150,1529177,727868,0.001
1428,2,27,1529150,1529177,729705,0.001
1429,2,27,1529150,1529177,729924,0.001
1430,2,27,1529150,1529177,731790,0.001
1431,2,27,1529150,1529177,733283,0.001
1432,2,27,1529150,1529177,734363,0.001
1433,2,27,1529150,1529177,733964,0.001
1434,2,27,1529150,1529177,735866,0.001
1435,2,27,1529150,1529177,736852,0.001
1436,2,27,1529150,1529177,737712,0.001
1437,2,27,1529150,1529177,738431,0.001
1438,2,27,1529150,1529177,739089,0.001
1439,2,27,1529150,1529177,738895,0.001
1440,2,27,1529150,1529177,741277,0.001
1441,2,27,1529150,1529177,742006,0.001
1442,2,27,1529150,1529177,743106,0.001
1443,2,27,1529150,1529177,744038,0.001
1444,2,27,1529150,1529177,745650,0.001
1445,2,27,1529150,1529177,746416,0.001
1446,2,27,1529150,1529177,747457,0.001
1447,2,27,1529150,1529177,747227,0.001
1448,2,27,1529150,1529177,748866,0.001
1449,2,27,1529150,1529177,750442,0.001
1450,2,27,1529150,1529177,751591,0.001
1451,2,27,1529150,1529177,751331,0.001
1452,2,27,1529150,1529177,753734,0.001
1453,2,27,1529150,1529177,753306,0.001
1454,2,27,1529150,1529177,754534,0.001
1455,2,27,1529150,1529177,756316,0.001
1456,2,27,1529150,1529177,757569,0.001
1457,2,27,1529150,1529177,758113,0.001
1458,2,27,1529150,1529177,759379,0.001
1459,2,28,1959436,1959464,759609,0.001
1460,2,28,1959436,1959464,761348,0.001
1461,2,28,1959436,1959464,762062,0.001
1462,2,28,1959436,1959464,763273,0.001
1463,2,28,1959436,1959464,764034,0.001
1464,2,28,1959436,1959464,765764,0.002
1465,2,28,1959436,1959464,766502,0.002
1466,2,28,1959436,1959464,767322,0.002
1467,2,28,1959436,1959464,768479,0.002
1468,2,28,1959436,1959464,769494,0.001
1469,2,28,1959436,1959464,770053,0.001
1470,2,28,1959436,1959464,771899,0.001
1471,2,28,1959436,1959464,771624,0.001
1472,2,28,1959436,1959464,773404,0.001
1473,2,28,1959436,1959464,773937,0.001
1474,2,28,1959436,1959464,775100,0.001
1475,2,28,1959436,1959464,776028,0.001
1476,2,28,1959436,1959464,777271,0.001
1477,2,28,1959436,1959464,778465,0.001
1478,2,28,1959436,1959464,779127,0.002
1479,2,28,1959436,1959464,780894,0.001
1480,2,28,1959436,1959464,782124,0.001
1481,2,28,1959436,1959464,781622,0.001
1482,2,28,1959436,1959464,784068,0.001
1483,2,28,1959436,1959464,783753,0.001
1484,2,28,1959436,1959464,785539,0.002
1485,2,28,1959436,1959464,787186,0.002
1486,2,28,1959436,1959464,788408,0.002
1487,2,28,1959436,1959464,788389,0.002
1488,2,28,1959436,1959464,790138,0.002
1489,2,28,1959436,1959464,789871,0.002
1490,2,28,1959436,1959464,791598,0.002
1491,2,28,1959436,1959464,792690,0.002
1492,2,28,1959436,1959464,793732,0.002
1493,2,28,1959436,1959464,793357,0.002
1494,2,28,1959436,1959464,795345,0.002
1495,2,28,1959436,1959464,796255,0.002
1496,2,28,1959436,1959464,797512,0.002
1497,2,28,1959436,1959464,798283,0.002
1498,2,28,1959436,1959464,799462,0.002
1499,2,28,1959436,1959464,799008,0.002
1500,2,28,1959436,1959464,801470,0.002
1501,2,28,1959436,1959464,802607,0.002
1502,2,28,1959436,1959464,803283,0.002
1503,2,28,1959436,1959464,804444,0.002
1504,2,28,1959436,1959464,805732,0.002
1505,2,28,1959436,1959464,806591,0.002
1506,2,28,1959436,1959464,808277,0.002
1507,2,28,1959436,1959464,809000,0.002
1508,2,28,1959436,1959464,810106,0.002
1509,2,28,1959436,1959464,810819,0.002
1510,2,28,1959436,1959464,812568,0.002
1511,2,28,1959436,1959464,812172,0.002
1512,2,28,1959436,1959464,814670,0.002
1513,2,28,1959436,1959464,815119,0.002
1514,2,28,1959436,1959464,816024,0.002
1515,2,28,1959436,1959464,817375,0.002
1516,2,28,1959436,1959464,818422,0.002
1517,2,28,1959436,1959464,818830,0.002
1518,2,28,1959436,1959464,820300,0.002
1519,2,28,1959436,1959464,821697,0.002
1520,2,28,1959436,1959464,823006,0.002
1521,2,28,1959436,1959464,824606,0.002
1522,2,28,1959436,1959464,825347,0.002
1523,2,28,1959436,1959464,825076,0.002
1524,2,28,1959436,1959464,827040,0.002
1525,2,28,1959436,1959464,828492,0.002
1526,2,28,1959436,1959464,829518,0.002
1527,2,28,1959436,1959464,830339,0.002
1528,2,28,1959436,1959464,831420,0.002
1529,2,28,1959436,1959464,832160,0.002
1530,2,28,1959436,1959464,833406,0.002
1531,2,28,1959436,1959464,833643,0.002
1532,2,28,1959436,1959464,835482,0.002
1533,2,28,1959436,1959464,836596,0.002
1534,2,28,1959436,1959464,838232,0.002
1535,2,28,1959436,1959464,838807,0.002
1536,2,28,1959436,1959464,840210,0.002
1537,2,28,1959436,1959464,840814,0.002
1538,2,28,1959436,1959464,841547,0.002
1539,2,28,1959436,1959464,842917,0.002
1540,2,28,1959436,1959464,844696,0.002
1541,2,28,1959436,1959464,845137,0.002
1542,2,28,1959436,1959464,847046,0.002
1543,2,29,2378116,2378145,846745,0.002
1544,2,29,2378116,2378145,848474,0.002
1545,2,29,2378116,2378145,850132,0.002
1546,2,29,2378116,2378145,850883,0.002
1547,2,29,2378116,2378145,852156,0.002
1548,2,29,2378116,2378145,853433,0.002
1549,2,29,2378116,2378145,853159,0.002
1550,2,29,2378116,2378145,855150,0.002
1551,2,29,2378116,2378145,856206,0.002
1552,2,29,2378116,2378145,857475,0.002
1553,2,29,2378116,2378145,856947,0.002
1554,2,29,2378116,2378145,859007,0.002
1555,2,29,2378116,2378145,860255,0.002
1556,2,29,2378116,2378145,861309,0.002
1557,2,29,2378116,2378145,862375,0.002
1558,2,29,2378116,2378145,863325,0.002
1559,2,29,2378116,2378145,863094,0.002
1560,2,29,2378116,2378145,865676,0.002
1561,2,29,2378116,2378145,866942,0.002
1562,2,29,2378116,2378145,868066,0.002
1563,2,28,1959436,1959464,868701,0.002
1564,2,28,1959436,1959464,870166,0.002
1565,2,28,1959436,1959464,870730,0.002
1566,2,28,1959436,1959464,872170,0.003
1567,2,28,1959436,1959464,871869,0.002
1568,2,28,1959436,1959464,873670,0.002
1569,2,28,1959436,1959464,874947,0.002
1570,2,28,1959436,1959464,876297,0.002
1571,2,28,1959436,1959464,875908,0.002
1572,2,28,1959436,1959464,877914,0.002
1573,2,28,1959436,1959464,878553,0.002
1574,2,28,1959436,1959464,879412,0.002
1575,2,28,1959436,1959464,880982,0.002
1576,2,28,1959436,1959464,882205,0.002
1577,2,28,1959436,1959464,882896,0.002
1578,2,28,1959436,1959464,884244,0.002
1579,2,28,1959436,1959464,883784,0.002
1580,2,28,1959436,1959464,885621,0.002
1581,2,28,1959436,1959464,886753,0.002
1582,2,28,1959436,1959464,888475,0.002
1583,2,28,1959436,1959464,888006,0.002
1584,2,28,1959436,1959464,890612,0.002
1585,2,28,1959436,1959464,891911,0.002
1586,2,28,1959436,1959464,892977,0.002
1587,2,28,1959436,1959464,894012,0.002
1588,2,28,1959436,1959464,895003,0.002
1589,2,28,1959436,1959464,895703,0.002
1590,2,28,1959436,1959464,897034,0.002
1591,2,28,1959436,1959464,898057,0.002
1592,2,28,1959436,1959464,899575,0.002
1593,2,28,1959436,1959464,900478,0.002
1594,2,28,1959436,1959464,901793,0.002
1595,2,28,1959436,1959464,903155,0.002
1596,2,28,1959436,1959464,905013,0.002
1597,2,28,1959436,1959464,904760,0.002
1598,2,28,1959436,1959464,906443,0.002
1599,2,28,1959436,1959464,907592,0.002
1600,2,28,1959436,1959464,908879,0.002
1601,2,28,1959436,1959464,908408,0.002
1602,2,28,1959436,1959464,911037,0.002
1603,2,28,1959436,1959464,911740,0.002
1604,2,28,1959436,1959464,912983,0.002
1605,2,28,1959436,1959464,914776,0.002
1606,2,28,1959436,1959464,915853,0.002
1607,2,28,1959436,1959464,915337,0.002
1608,2,28,1959436,1959464,917399,0.002
1609,2,28,1959436,1959464,917639,0.002
1610,2,28,1959436,1959464,919566,0.002
1611,2,28,1959436,1959464,921136,0.002
1612,2,28,1959436,1959464,922448,0.002
1613,2,28,1959436,1959464,921905,0.002
1614,2,28,1959436,1959464,923939,0.002
1615,2,28,1959436,1959464,925517,0.002
1616,2,28,1959436,1959464,926689,0.002
1617,2,28,1959436,1959464,928060,0.002
1618,2,28,1959436,1959464,928784,0.002
1619,2,28,1959436,1959464,928579,0.002
1620,2,28,1959436,1959464,930751,0.002
1621,2,28,1959436,1959464,930437,0.002
1622,2,28,1959436,1959464,931829,0.002
1623,2,28,1959436,1959464,932697,0.002
1624,2,28,1959436,1959464,934120,0.002
1625,2,28,1959436,1959464,935025,0.002
1626,2,28,1959436,1959464,936833,0.002
1627,2,28,1959436,1959464,937100,0.002
1628,2,28,1959436,1959464,938954,0.002
1629,2,28,1959436,1959464,940521,0.002
1630,2,28,1959436,1959464,942336,0.002
1631,2,28,1959436,1959464,943146,0.002
1632,2,28,1959436,1959464,944580,0.002
1633,2,28,1959436,1959464,945187,0.002
1634,2,28,1959436,1959464,946364,0.002
1635,2,28,1959436,1959464,947567,0.002
1636,2,28,1959436,1959464,949265,0.002
1637,2,28,1959436,1959464,949059,0.002
1638,2,28,1959436,1959464,951074,0.002
1639,2,28,1959436,1959464,951830,0.002
1640,2,28,1959436,1959464,953322,0.002
1641,2,28,1959436,1959464,954106,0.002
1642,2,28,1959436,1959464,954892,0.002
1643,2,28,1959436,1959464,955527,0.002
1644,2,28,1959436,1959464,957091,0.002
1645,2,28,1959436,1959464,958046,0.002
1646,2,28,1959436,1959464,958876,0.002
1647,2,28,1959436,1959464,960333,0.002
1648,2,28,1959436,1959464,961602,0.002
1649,2,28,1959436,1959464,962131,0.002
1650,2,28,1959436,1959464,964189,0.002
1651,2,28,1959436,1959464,965477,0.002
1652,2,28,1959436,1959464,966847,0.002
1653,2,28,1959436,1959464,967937,0.002
1654,2,28,1959436,1959464,969295,0.002
1655,2,28,1959436,1959464,970373,0.002
1656,2,28,1959436,1959464,971630,0.002
1657,2,28,1959436,1959464,971881,0.002
1658,2,28,1959436,1959464,973246,0.002
1659,2,28,1959436,1959464,974737,0.002
1660,2,28,1959436,1959464,976646,0.002
1661,2,28,1959436,1959464,977177,0.002
1662,2,28,1959436,1959464,979154,0.002
1663,2,28,1959436,1959464,978653,0.002
1664,2,28,1959436,1959464,980835,0.002
1665,2,28,1959436,1959464,982667,0.002
1666,2,28,1959436,1959464,984508,0.002
1667,2,28,1959436,1959464,984030,0.002
1668,2,28,1959436,1959464,985999,0.002
1669,2,28,1959436,1959464,985789,0.002
1670,2,28,1959436,1959464,987639,0.002
1671,2,28,1959436,1959464,988459,0.002
1672,2,28,1959436,1959464,990487,0.002
1673,2,28,1959436,1959464,991059,0.002
1674,2,28,1959436,1959464,993124,0.002
1675,2,28,1959436,1959464,994127,0.002
1676,2,28,1959436,1959464,995345,0.002
1677,2,28,1959436,1959464,996572,0.002
1678,2,28,1959436,1959464,997178,0.002
1679,2,28,1959436,1959464,997978,0.002
1680,2,28,1959436,1959464,1000126,0.002
1681,2,28,2623862,2623890,1001120,0.002
1682,2,28,2623862,2623890,1002424,0.002
1683,2,28,2623862,2623890,1003696,0.002
1684,2,28,2623862,2623890,1004667,0.002
1685,2,28,2623862,2623890,1005571,0.002
1686,2,28,2623862,2623890,1007531,0.002
1687,2,28,2623862,2623890,1008919,0.002
1688,2,28,2623862,2623890,1010050,0.002
1689,2,28,2623862,2623890,1010908,0.002
1690,2,28,2623862,2623890,1012411,0.002
1691,2,28,2623862,2623890,1012877,0.002
1692,2,28,2623862,2623890,1014449,0.002
1693,2,28,2623862,2623890,1014082,0.002
1694,2,28,2623862,2623890,1016248,0.002
1695,2,28,2623862,2623890,1018040,0.002
1696,2,28,2623862,2623890,1020007,0.002
1697,2,28,2623862,2623890,1019435,0.002
1698,2,28,2623862,2623890,1021386,0.002
1699,2,30,1875680,1875710,1021169,0.002
1700,2,28,2623862,2623890,1023200,0.002
1701,2,28,2623862,2623890,1024481,0.002
1702,2,28,2623862,2623890,1025708,0.002
1703,2,28,2623862,2623890,1026308,0.002
1704,2,28,2623862,2623890,1028416,0.002
1705,2,28,2623862,2623890,1029562,0.002
1706,2,28,2623862,2623890,1030271,0.002
1707,2,28,2623862,2623890,1031930,0.002
1708,2,28,2623862,2623890,1033381,0.002
1709,2,28,2623862,2623890,1032893,0.002
1710,2,28,2623862,2623890,1035108,0.002
1711,2,28,2623862,2623890,1035790,0.002
1712,2,28,2623862,2623890,1037219,0.002
1713,2,28,2623862,2623890,1037892,0.002
1714,2,28,2623862,2623890,1038845,0.002
1715,2,28,2623862,2623890,1040107,0.002
1716,2,28,2623862,2623890,1041613,0.002
1717,2,28,2623862,2623890,1042931,0.002
1718,2,28,2623862,2623890,1043735,0.002
1719,2,28,2623862,2623890,1045069,0.002
1720,2,28,2623862,2623890,1046491,0.002
1721,2,28,2623862,2623890,1046012,0.002
1722,2,28,2623862,2623890,1048268,0.002
1723,2,28,2623862,2623890,1047740,0.002
1724,2,28,2623862,2623890,1049650,0.002
1725,2,28,2623862,2623890,1051632,0.002
1726,2,28,2623862,2623890,1052250,0.002
1727,2,28,2623862,2623890,1053321,0.002
1728,2,28,2623862,2623890,1054847,0.002
1729,2,27,1959436,1959463,1056555,0.002
1730,2,27,1959436,1959463,1057928,0.002
1731,2,27,1959436,1959463,1059361,0.002
1732,2,27,1959436,1959463,1061266,0.002
1733,2,27,1959436,1959463,1060741,0.002
1734,2,27,1959436,1959463,1063587,0.002
1735,2,27,1959436,1959463,1065002,0.002
1736,2,27,1959436,1959463,1066341,0.002
1737,2,27,1959436,1959463,1067462,0.002
1738,2,27,1959436,1959463,1068576,0.002
1739,2,27,1959436,1959463,1069001,0.002
1740,2,27,1959436,1959463,1070605,0.002
1741,2,27,1959436,1959463,1070454,0.002
1742,2,27,1959436,1959463,1072377,0.002
1743,2,27,1959436,1959463,1073403,0.002
1744,2,27,1959436,1959463,1074791,0.002
1745,2,27,1959436,1959463,1075643,0.002
1746,2,27,1959436,1959463,1077748,0.002
1747,2,27,1959436,1959463,1077415,0.002
1748,2,27,1959436,1959463,1079431,0.002
1749,2,27,1959436,1959463,1080636,0.002
1750,2,27,2623863,2623890,1082622,0.002
1751,2,27,2623863,2623890,1083209,0.002
1752,2,27,2623863,2623890,1084856,0.002
1753,2,27,2623863,2623890,1084470,0.002
1754,2,27,2623863,2623890,1085979,0.002
1755,2,27,2623863,2623890,1087490,0.002
1756,2,27,2623863,2623890,1089305,0.002
1757,2,27,2623863,2623890,1090244,0.002
1758,2,27,2623863,2623890,1091504,0.002
1759,2,27,2623863,2623890,1091789,0.002
1760,2,27,2623863,2623890,1093835,0.002
1761,2,27,2623863,2623890,1094664,0.002
1762,2,27,2623863,2623890,1095603,0.002
1763,2,27,2623863,2623890,1096103,0.002
1764,2,27,2623863,2623890,1098463,0.002
1765,2,27,2623863,2623890,1099887,0.002
1766,2,27,2623863,2623890,1100683,0.002
1767,2,27,2623863,2623890,1102755,0.002
1768,2,27,2623863,2623890,1104009,0.002
1769,2,27,2623863,2623890,1104500,0.002
1770,2,27,2623863,2623890,1106809,0.002
1771,2,27,2879280,2879307,1108558,0.002
1772,2,27,2879280,2879307,1109853,0.002
1773,2,27,2879280,2879307,1111021,0.002
1774,2,27,2879280,2879307,1112502,0.002
1775,2,27,2879280,2879307,1113586,0.002
1776,2,27,2879280,2879307,1115207,0.002
1777,2,27,2879280,2879307,1114747,0.002
1778,2,27,2879280,2879307,1116670,0.002
1779,2,27,2879280,2879307,1118137,0.002
1780,2,27,2879280,2879307,1120291,0.002
1781,2,27,2879280,2879307,1121093,0.002
1782,2,27,2879280,2879307,1122680,0.002
1783,2,27,2879280,2879307,1122169,0.002
1784,2,27,2879280,2879307,1124225,0.002
1785,2,27,2879280,2879307,1125691,0.002
1786,2,27,2879280,2879307,1127563,0.002
1787,2,27,2879280,2879307,1127127,0.002
1788,2,27,2879280,2879307,1129183,0.002
1789,2,27,2879280,2879307,1128722,0.002
1790,2,27,2879280,2879307,1130974,0.002
1791,2,27,2879280,2879307,1132724,0.002
1792,2,27,2879280,2879307,1134788,0.002
1793,2,27,2879280,2879307,1135375,0.002
1794,2,27,2879280,2879307,1136988,0.002
1795,2,27,2879280,2879307,1137920,0.003
1796,2,27,2879280,2879307,1139022,0.002
1797,2,27,2879280,2879307,1140573,0.002
1798,2,27,2879280,2879307,1141841,0.002
1799,2,27,2879280,2879307,1142584,0.002
1800,2,27,2879280,2879307,1144370,0.002
1801,2,27,2879280,2879307,1144010,0.002
1802,2,27,2879280,2879307,1146221,0.002
1803,2,27,2879280,2879307,1146910,0.002
1804,2,27,2879280,2879307,1149075,0.002
1805,2,27,2879280,2879307,1150020,0.002
1806,2,27,2879280,2879307,1151549,0.002
1807,2,27,2879280,2879307,1152953,0.002
1808,2,27,2879280,2879307,1154334,0.002
1809,2,27,2879280,2879307,1156174,0.002
1810,2,27,2879280,2879307,1157348,0.002
1811,2,30,2892145,2892175,1156849,0.002
1812,2,30,2892145,2892175,1159797,0.002
1813,2,30,2892145,2892175,1160657,0.002
1814,2,30,2892145,2892175,1161355,0.002
1815,2,30,2892145,2892175,1163042,0.002
1816,2,30,2892145,2892175,1165033,0.002
1817,2,30,2892145,2892175,1165578,0.002
1818,2,30,2892145,2892175,1167200,0.002
1819,2,30,2892145,2892175,1168600,0.002
1820,2,30,2892145,2892175,1170291,0.002
1821,2,30,2892145,2892175,1171172,0.002
1822,2,30,2892145,2892175,1172774,0.002
1823,2,30,2892145,2892175,1172426,0.002
1824,2,30,2892145,2892175,1174816,0.002
1825,2,30,2892145,2892175,1175956,0.002
1826,2,30,2892145,2892175,1177338,0.002
1827,2,30,2892145,2892175,1178709,0.002
1828,2,30,2892145,2892175,1179746,0.002
1829,2,30,2892145,2892175,1180393,0.002
1830,2,30,2892145,2892175,1182762,0.002
1831,2,30,2892145,2892175,1182389,0.002
1832,2,30,2892145,2892175,1184468,0.002
1833,2,30,2892145,2892175,1185703,0.002
1834,2,30,2892145,2892175,1187082,0.002
1835,2,30,2892145,2892175,1187973,0.002
1836,2,30,2892145,2892175,1190198,0.002
1837,2,30,2892145,2892175,1191645,0.002
1838,2,30,2892145,2892175,1192414,0.002
1839,2,30,2892145,2892175,1194197,0.002
1840,2,30,2892145,2892175,1195786,0.002
1841,2,30,2892145,2892175,1196510,0.002
1842,2,30,2892145,2892175,1198088,0.002
1843,2,30,2892145,2892175,1198688,0.002
1844,2,30,2892145,2892175,1200194,0.002
1845,2,30,2892145,2892175,1201481,0.002
1846,2,30,2892145,2892175,1203433,0.002
1847,2,30,2892145,2892175,1203130,0.002
1848,2,30,2892145,2892175,1205502,0.005
1849,2,30,2892145,2892175,1206592,0.003
1850,2,30,2892145,2892175,1208208,0.002
1851,2,30,2892145,2892175,1209729,0.002
1852,2,30,2892145,2892175,1210979,0.002
1853,2,30,2892145,2892175,1211591,0.002
1854,2,30,2892145,2892175,1213289,0.002
1855,2,30,2892145,2892175,1215152,0.002
1856,2,30,2892145,2892175,1216687,0.002
1857,2,30,2892145,2892175,1217665,0.002
1858,2,30,2892145,2892175,1218632,0.002
1859,2,30,2892145,2892175,1219647,0.002
1860,2,30,2892145,2892175,1221909,0.002
1861,2,30,2892145,2892175,1221733,0.002
1862,2,30,2892145,2892175,1223926,0.002
1863,2,30,2892145,2892175,1225055,0.002
1864,2,27,2879280,2879307,1227121,0.002
1865,2,27,2879280,2879307,1227848,0.002
1866,2,27,2879280,2879307,1229166,0.003
1867,2,27,2879280,2879307,1229470,0.003
1868,2,27,2879280,2879307,1231407,0.003
1869,2,27,2879280,2879307,1232896,0.003
1870,2,27,2879280,2879307,1235023,0.003
1871,2,27,2879280,2879307,1234482,0.003
1872,2,27,2879280,2879307,1236919,0.003
1873,2,27,2879280,2879307,1236348,0.003
1874,2,27,2879280,2879307,1238179,0.003
1875,2,27,2879280,2879307,1239931,0.003
1876,2,27,2879280,2879307,1241321,0.003
1877,2,27,2879280,2879307,1240765,0.003
1878,2,27,2879280,2879307,1243064,0.003
1879,2,27,2879280,2879307,1242662,0.003
1880,2,27,2879280,2879307,1244901,0.003
1881,2,27,2879280,2879307,1246899,0.003
1882,2,27,2879280,2879307,1247930,0.003
1883,2,27,2879280,2879307,1248886,0.003
1884,2,27,2879280,2879307,1251162,0.003
1885,2,27,2879280,2879307,1253058,0.003
1886,2,27,2879280,2879307,1254248,0.003
1887,2,27,2879280,2879307,1255405,0.003
1888,2,27,2879280,2879307,1256768,0.003
1889,2,27,2879280,2879307,1256419,0.003
1890,2,27,2879280,2879307,1259529,0.003
1891,2,27,2879280,2879307,1260268,0.003
1892,2,27,2879280,2879307,1261857,0.003
1893,2,27,2879280,2879307,1262696,0.003
1894,2,27,2879280,2879307,1263712,0.003
1895,2,27,2879280,2879307,1264758,0.003
1896,2,27,2879280,2879307,1266429,0.003
1897,2,27,2879280,2879307,1267959,0.003
1898,2,27,2879280,2879307,1269160,0.003
1899,2,27,2879280,2879307,1271029,0.003
1900,2,27,2879280,2879307,1272632,0.003
1901,2,27,2879280,2879307,1272051,0.003
1902,2,27,2879280,2879307,1275074,0.003
1903,2,27,2879280,2879307,1275916,0.003
1904,2,27,2879280,2879307,1277401,0.003
1905,2,27,2879280,2879307,1278737,0.003
1906,2,27,2879280,2879307,1279730,0.003
1907,2,27,2879280,2879307,1279487,0.003
1908,2,27,2879280,2879307,1281765,0.003
1909,2,27,2879280,2879307,1282538,0.003
1910,2,27,2879280,2879307,1284019,0.003
1911,2,27,2879280,2879307,1286125,0.003
1912,2,27,2879280,2879307,1288201,0.003
1913,2,27,2879280,2879307,1287578,0.003
1914,2,27,2879280,2879307,1290148,0.003
1915,2,27,2879280,2879307,1291037,0.003
1916,2,27,2879280,2879307,1292514,0.003
1917,2,27,2879280,2879307,1294564,0.003
1918,2,27,2879280,2879307,1295768,0.003
1919,2,27,2879280,2879307,1296606,0.003
1920,2,28,3684563,3684591,1298383,0.003
1921,2,28,3684563,3684591,1299207,0.003
1922,2,28,3684563,3684591,1300404,0.003
1923,2,28,3684563,3684591,1301378,0.003
1924,2,28,3684563,3684591,1303671,0.003
1925,2,28,3684563,3684591,1305050,0.003
1926,2,28,3684563,3684591,1307246,0.003
1927,2,28,3684563,3684591,1308455,0.003
1928,2,28,3684563,3684591,1310042,0.003
1929,2,28,3684563,3684591,1310812,0.003
1930,2,28,3684563,3684591,1312388,0.003
1931,2,28,3684563,3684591,1311780,0.003
1932,2,28,3684563,3684591,1314958,0.003
1933,2,28,3684563,3684591,1314532,0.003
1934,2,28,3684563,3684591,1316416,0.003
1935,2,28,3684563,3684591,1318328,0.003
1936,2,28,3684563,3684591,1319741,0.003
1937,2,28,3684563,3684591,1320600,0.003
1938,2,28,3684563,3684591,1322141,0.003
1939,2,28,3684563,3684591,1323696,0.003
1940,2,28,3684563,3684591,1325231,0.003
1941,2,28,3684563,3684591,1326810,0.003
1942,2,28,3684563,3684591,1327881,0.003
1943,2,28,3684563,3684591,1328637,0.003
1944,2,28,3684563,3684591,1330377,0.003
1945,2,28,3684563,3684591,1331940,0.003
1946,2,28,3684563,3684591,1333522,0.003
1947,2,28,3684563,3684591,1334896,0.003
1948,2,28,3684563,3684591,1336017,0.003
1949,2,28,3684563,3684591,1335579,0.003
1950,2,28,3684563,3684591,1338124,0.003
1951,2,28,3684563,3684591,1337827,0.003
1952,2,28,3684563,3684591,1340386,0.003
1953,2,28,3684563,3684591,1341595,0.003
1954,2,28,3684563,3684591,1343189,0.003
1955,2,28,3684563,3684591,1344784,0.003
1956,2,28,3684563,3684591,1347004,0.003
1957,2,28,3684563,3684591,1347617,0.003
1958,2,28,3684563,3684591,1348932,0.003
1959,2,28,3684563,3684591,1350547,0.003
1960,2,28,3684563,3684591,1352918,0.003
1961,2,28,3684563,3684591,1353598,0.003
1962,2,28,3684563,3684591,1356153,0.003
1963,2,28,3684563,3684591,1356831,0.003
1964,2,28,3684563,3684591,1358089,0.003
1965,2,28,3684563,3684591,1360253,0.003
1966,2,28,3684563,3684591,1361865,0.003
1967,2,28,3684563,3684591,1362841,0.003
1968,2,28,3684563,3684591,1364532,0.003
1969,2,28,3684563,3684591,1365489,0.003
1970,2,28,3684563,3684591,1366923,0.003
1971,2,28,3684563,3684591,1368273,0.003
1972,2,28,3684563,3684591,1370476,0.003
1973,2,28,3684563,3684591,1369860,0.003
1974,2,28,3684563,3684591,1373121,0.003
1975,2,28,3684563,3684591,1374301,0.003
1976,2,28,3684563,3684591,1375779,0.003
1977,2,28,3684563,3684591,1376900,0.003
1978,2,28,3684563,3684591,1378163,0.003
1979,2,28,3684563,3684591,1377872,0.003
1980,2,28,3684563,3684591,1380534,0.003
1981,2,28,3684563,3684591,1381465,0.003
1982,2,28,3684563,3684591,1382571,0.003
1983,2,28,3684563,3684591,1383610,0.003
1984,2,28,3684563,3684591,1386015,0.003
1985,2,28,3684563,3684591,1386649,0.003
1986,2,28,3684563,3684591,1388169,0.003
1987,2,28,3684563,3684591,1387858,0.003
1988,2,28,3684563,3684591,1390155,0.004
1989,2,28,3684563,3684591,1391677,0.003
1990,2,28,3684563,3684591,1393199,0.003
1991,2,28,3684563,3684591,1394137,0.003
1992,2,28,3684563,3684591,1395903,0.003
1993,2,28,3684563,3684591,1395475,0.003
1994,2,28,3684563,3684591,1397226,0.003
1995,2,28,3684563,3684591,1399763,0.003
1996,2,28,3684563,3684591,1401135,0.003
1997,2,28,3684563,3684591,1400640,0.003
1998,2,28,3684563,3684591,1403016,0.003
1999,2,28,3684563,3684591,1402602,0.003
2000,2,28,3684563,3684591,1405014,0.003
44670,2,57,1255883638,1255883695,624717106,1.565
1259,3,38,1465348362,1465348400,711259587,1.642
50120,2,57,1255883638,1255883695,783887511,2.022
1122,3,39,2373414,2373453,505536102,1.447
39810,2,57,1255883638,1255883695,497989501,1.534
31620,2,50,664132874,664132924,316387438,0.794
1000,3,40,142838876,142838916,359152965,0.892
35480,2,47,1070661277,1070661324,396918221,1.072
25120,2,50,616564500,616564550,201187405,0.874
891,3,40,678797420,678797460,254739598,1.018
28180,2,51,615028537,615028588,252213834,1.035
19950,2,44,270235812,270235856,127874968,0.375
22390,2,46,430876919,430876965,160462534,0.472
794,3,35,92483482,92483517,180879486,0.496
631,3,36,92483482,92483518,91334541,0.204
17780,2,46,258710272,258710318,101957408,0.261
708,3,35,92483482,92483517,128650760,0.300
562,3,33,599205,599238,64909430,0.146
14130,2,41,190008190,190008231,64876653,0.152
15850,2,40,105988802,105988842,81313446,0.192
10000,2,40,53270168,53270208,32896587,0.085
11220,2,44,61900245,61900289,41243117,0.105
12590,2,43,148190636,148190679,51723109,0.128
7080,2,37,26775712,26775749,16704545,0.039
7940,2,36,23290428,23290464,20923134,0.049
8910,2,40,53270168,53270208,26232041,0.059
5010,2,36,23226120,23226156,8479482,0.019
5620,2,36,23226120,23226156,10620869,0.024
6310,2,37,26775712,26775749,13333889,0.030
3550,2,30,7279602,7279632,4318645,0.009
3980,2,29,10977844,10977873,5402968,0.012
4470,2,29,5720673,5720702,6781179,0.015
2510,2,27,5043504,5043531,2192282,0.004
2820,2,35,7756707,7756742,2749465,0.006
3160,2,30,7279602,7279632,3442454,0.007
2240,2,29,3093202,3093231,1754080,0.004
